Income,Kidhome,Teenhome,MntWines,MntMeatProducts,MntFishProducts,NumWebVisitsMonth,Age,Total_campaigns,Purchase_frequency
58138,0,0,635,546,120,7,68,0,25
46344,1,1,11,6,2,5,71,0,6
71613,0,0,426,127,111,4,60,0,21
26646,1,0,11,20,10,6,41,0,8
58293,1,0,173,118,46,5,44,0,19
62513,0,1,520,98,0,6,58,0,22
55635,0,1,235,164,50,6,54,0,21
33454,1,0,76,56,3,8,40,0,10
30351,1,0,14,24,3,9,51,0,6
5648,1,1,28,6,1,13,75,1,2
51381,1,0,5,6,0,7,42,0,4
7500,0,0,6,11,11,8,49,0,6
63033,0,0,194,480,120,2,66,0,16
59354,1,1,233,53,3,6,73,0,15
17323,0,0,3,17,6,8,38,0,5
82800,0,0,1006,115,59,3,79,2,26
41850,1,1,53,19,2,8,45,0,9
37760,0,0,84,38,120,7,79,0,13
76995,0,1,1012,498,0,5,76,1,26
33812,1,0,4,19,30,6,40,0,8
37040,0,0,86,73,69,8,43,0,12
2447,1,0,1,556,1,1,46,0,16
58607,0,1,867,86,0,8,76,1,17
65324,0,1,384,102,21,4,71,0,20
40689,0,1,270,27,39,8,74,0,19
18589,0,0,6,25,15,7,56,0,8
53359,1,1,173,30,3,7,49,0,14
51381,1,0,5,3,3,1,39,0,12
38360,1,0,36,42,20,3,36,0,9
84618,0,0,684,556,21,2,60,1,26
10979,0,0,8,10,2,5,36,0,8
38620,0,0,112,44,34,3,62,0,11
40548,0,1,110,5,2,5,55,1,9
46610,0,2,96,96,33,6,73,0,17
68657,0,0,482,471,119,7,79,0,18
49389,1,1,40,19,2,7,74,0,6
67353,0,1,702,151,0,2,55,0,28
23718,1,0,6,14,15,7,49,0,9
42429,0,1,55,6,2,5,52,0,7
48948,0,0,437,206,120,6,82,1,24
80011,0,1,421,536,82,4,45,0,21
20559,1,0,13,29,3,8,40,0,7
21994,0,1,9,6,3,5,68,0,4
51381,0,0,81,50,3,2,66,0,9
7500,1,0,3,10,3,5,50,0,8
79941,0,0,123,266,120,1,49,0,16
7500,0,0,3,14,15,9,29,0,10
41728,1,0,13,15,3,10,57,0,5
51381,2,1,48,48,6,6,74,0,10
72550,1,1,826,317,50,8,71,0,25
65486,0,1,245,125,37,2,68,0,17
79143,0,0,650,556,27,3,61,0,29
35790,1,0,12,20,30,7,48,0,7
82582,0,0,510,550,120,1,48,2,21
66373,1,1,328,124,12,3,47,0,22
82384,0,0,984,432,120,1,70,1,27
70287,0,0,295,482,120,3,59,0,21
27938,1,0,13,8,2,3,37,0,6
51381,1,0,11,22,2,6,43,0,7
55954,0,1,447,28,0,7,57,0,19
75777,0,0,712,538,69,1,43,2,21
66653,1,1,452,102,16,3,50,0,22
61823,0,1,523,134,37,7,73,0,24
67680,0,1,546,48,0,5,74,0,19
70666,0,0,398,367,119,4,77,0,16
25721,1,0,1,6,3,7,54,0,5
32474,1,1,10,1,0,7,58,0,4
88194,0,1,688,309,120,5,46,2,32
69096,0,1,247,159,7,4,67,0,18
74854,1,2,856,487,58,5,55,0,18
66991,0,0,496,460,120,3,71,0,21
51381,1,0,25,43,17,8,52,0,9
65031,0,1,258,291,84,7,66,0,30
60631,1,1,565,65,0,7,50,1,24
28332,0,0,14,13,4,2,73,0,8
40246,1,0,2,6,2,6,48,0,4
75251,0,0,721,556,97,5,53,0,19
75825,0,0,1032,556,120,4,49,1,22
26326,0,0,1,5,0,3,49,0,4
56046,0,0,577,64,0,8,60,1,21
29760,1,0,64,68,7,8,40,0,12
26304,1,0,4,5,2,7,56,0,4
23559,1,0,25,19,7,7,52,0,9
38620,0,0,112,44,34,3,62,0,11
81361,0,0,163,424,27,1,38,0,27
29440,1,1,17,14,10,7,65,0,7
36138,1,1,130,16,0,7,55,1,13
50388,0,1,292,37,0,7,68,2,17
79593,0,0,350,556,110,2,52,1,19
54178,0,1,135,39,4,2,58,0,10
51381,2,1,230,192,49,9,68,0,23
51381,1,1,7,8,2,7,68,0,4
51381,0,0,445,359,98,1,52,0,15
42394,1,0,15,10,0,7,53,0,5
23626,1,0,27,14,0,5,55,0,10
30096,1,0,5,11,12,6,42,0,6
47916,0,1,505,26,0,6,65,1,22
51813,1,1,51,7,0,7,53,0,7
78497,0,0,207,447,75,2,74,1,25
50150,0,0,135,92,65,5,42,0,16
47823,0,1,53,5,2,8,65,0,7
34554,0,1,41,6,2,6,66,0,7
85693,0,1,386,183,120,5,46,0,27
65846,0,0,562,276,80,4,80,0,16
87195,0,0,217,556,50,1,66,0,19
24594,1,0,1,6,10,5,46,0,5
49096,1,1,144,32,2,7,61,0,13
52413,0,2,295,271,75,6,56,0,26
38557,1,0,76,31,4,7,47,0,9
89058,0,0,454,106,31,2,65,0,14
77298,0,1,425,292,23,3,46,0,24
68126,0,0,1225,311,23,9,34,1,17
57288,0,1,527,21,0,6,62,1,20
86037,0,0,490,125,29,3,34,2,25
43974,1,0,378,101,0,7,45,0,21
50785,1,1,64,21,0,6,63,0,8
90765,0,0,547,556,120,1,55,2,15
36550,1,0,47,94,120,9,47,0,20
30753,1,1,12,25,0,5,58,0,7
21918,1,0,1,7,11,6,56,0,7
56129,0,1,320,133,39,4,72,0,22
32557,1,0,34,29,0,5,58,0,9
19510,2,0,9,7,3,7,40,0,6
30992,1,0,17,14,7,7,49,0,5
101970,0,0,722,102,44,2,42,3,27
71488,0,0,162,124,40,1,60,0,16
79607,0,0,450,556,120,1,41,0,16
54348,1,1,70,16,0,6,72,0,8
51381,0,1,352,27,10,6,64,0,17
77376,1,1,492,110,16,4,69,0,23
62998,0,1,120,73,65,5,73,0,19
61331,1,1,534,47,0,8,67,0,23
73448,0,0,236,189,23,4,56,0,19
51381,0,1,231,196,38,4,62,0,19
41551,1,1,220,33,3,8,61,0,16
62981,0,0,796,556,38,3,58,1,23
9548,1,0,0,3,10,8,49,0,6
33762,2,1,53,34,2,8,66,0,9
35860,1,1,15,8,4,5,52,1,6
36921,1,1,17,12,3,7,60,0,7
92859,0,0,962,556,52,2,33,0,22
65104,0,1,738,232,13,7,49,0,17
86111,0,0,399,556,36,2,63,0,23
68352,0,1,614,132,43,6,51,0,25
41883,1,0,32,41,73,7,37,0,12
59809,0,2,598,141,32,8,49,0,15
23957,1,0,2,18,20,6,50,0,6
38547,1,0,6,10,0,8,44,0,4
35688,2,1,73,90,12,8,52,0,15
49605,0,0,42,29,12,3,59,0,8
59354,0,2,295,78,39,3,72,0,16
65747,0,1,346,48,23,6,56,1,19
46344,0,1,233,57,8,7,53,0,17
34176,1,0,5,24,19,6,37,0,11
61010,0,1,888,57,0,5,73,0,26
69372,0,0,997,269,34,4,76,2,21
49967,0,1,212,69,4,7,67,0,15
60199,1,2,8,7,2,4,47,0,4
55375,0,1,42,57,10,2,48,0,9
80317,0,0,536,387,120,1,70,0,18
30523,2,1,5,3,0,7,67,0,4
70356,0,0,1225,249,43,6,80,0,27
23228,1,0,53,49,7,8,41,0,11
74165,0,0,1001,240,16,2,50,0,20
117416,0,1,20,556,1,0,52,0,16
43482,2,1,18,32,6,6,59,0,9
62551,0,0,125,98,120,3,72,1,18
52332,0,0,212,33,7,4,66,1,12
66951,0,0,277,305,120,1,37,0,15
26091,1,1,15,19,8,5,68,0,9
33456,1,1,7,10,8,7,60,0,6
28718,1,0,12,6,11,8,43,0,7
50447,2,0,85,24,2,6,55,0,8
53537,1,1,81,6,0,5,66,0,8
52074,0,1,59,12,0,4,58,1,7
80427,0,1,1149,449,69,5,50,0,28
83837,0,0,847,119,86,4,77,2,25
38853,1,1,29,14,0,7,55,0,7
38285,2,1,2,5,2,2,66,0,4
78497,0,0,207,447,75,2,74,1,25
51650,0,1,152,22,2,5,49,0,10
16248,1,0,12,10,3,6,37,0,9
66835,0,0,620,195,34,2,79,0,24
30477,1,0,47,6,0,6,41,0,6
28249,0,0,1,7,2,6,64,0,6
25271,1,0,10,18,10,9,42,0,5
32303,0,1,35,2,0,5,55,0,7
61286,0,1,356,107,19,5,59,0,18
74068,0,0,783,537,120,2,49,0,24
45759,1,1,42,18,3,7,61,0,7
24882,1,0,1,10,29,6,47,1,5
66973,0,0,466,432,120,3,36,0,28
36640,1,0,15,8,7,5,93,0,6
38872,1,0,23,21,3,8,37,0,8
51148,1,1,235,45,8,6,52,0,16
31353,1,1,10,10,3,8,48,0,6
69661,0,0,656,106,32,3,45,0,23
80067,0,0,519,556,27,2,71,1,17
86718,0,0,344,482,50,2,71,0,17
46854,1,1,96,79,7,8,52,1,15
69142,0,1,448,34,6,5,73,1,19
75922,0,0,265,553,120,1,57,0,18
63693,0,1,587,337,42,6,47,0,29
102160,0,0,763,138,76,4,48,3,26
40637,1,1,22,13,0,7,60,0,6
18890,0,0,6,1,7,6,41,1,4
29604,1,0,7,13,7,9,37,1,5
48721,1,1,81,113,47,6,62,0,17
44794,0,1,54,7,0,6,59,0,6
64497,0,1,1170,320,42,8,71,1,29
46097,0,1,72,68,65,4,69,0,15
77972,0,0,613,319,33,1,71,0,20
44377,1,1,224,30,0,8,57,0,17
46014,1,1,410,59,19,7,51,0,22
70951,0,0,239,554,120,1,40,0,17
41443,1,0,171,171,25,8,48,0,20
52195,2,1,12,4,0,8,47,0,4
83790,0,0,1076,417,42,3,77,2,25
44551,0,1,182,33,0,7,71,0,12
69508,1,0,824,162,42,6,45,0,28
45204,1,0,30,25,29,3,37,0,7
72460,0,0,377,540,80,1,56,0,16
77622,0,2,520,154,19,3,55,0,22
30732,1,0,155,25,0,8,45,0,13
63887,0,1,897,207,15,6,63,0,32
42011,1,0,131,16,2,8,47,0,12
51369,0,1,297,79,0,8,49,0,16
51537,0,1,787,204,0,8,73,0,18
79930,0,0,792,556,67,2,53,0,17
34320,1,0,4,9,3,8,39,0,4
37070,1,1,231,137,4,7,59,0,20
81975,0,1,983,184,120,7,63,1,14
38590,1,0,3,8,4,8,54,0,4
15033,0,0,0,5,6,3,74,0,5
62745,0,1,562,464,28,5,60,0,29
22212,1,0,5,20,6,6,50,0,8
23661,1,0,18,4,0,7,43,0,5
79761,0,1,415,124,15,3,67,0,19
7500,1,0,5,10,12,7,52,0,11
60182,0,1,8,5,7,4,93,0,4
73455,0,0,901,556,120,3,57,1,22
64961,0,1,382,276,75,3,67,0,16
22804,1,0,14,7,2,9,54,0,5
73687,0,0,559,503,120,2,35,1,22
61074,0,1,789,133,0,7,67,0,30
31686,1,1,11,5,0,6,61,0,6
80134,1,0,1218,272,104,6,53,3,16
75027,0,1,925,179,120,5,72,0,21
67546,0,0,864,556,120,3,37,0,20
65176,0,1,960,183,120,6,56,0,25
31160,1,0,16,25,6,8,50,0,7
29938,1,0,3,7,0,6,40,0,6
102692,0,0,168,444,32,2,51,4,29
26490,0,0,45,52,21,6,67,0,11
75702,1,1,650,353,45,8,58,0,26
30899,1,0,24,8,0,6,51,0,6
63342,0,1,918,118,13,6,64,1,19
45989,0,1,138,87,28,3,61,0,16
18701,1,1,12,2,10,5,61,0,10
40737,2,1,11,4,0,8,68,0,4
15287,1,0,1,8,4,7,46,1,6
69674,0,2,554,215,11,5,57,0,25
44159,1,0,167,62,24,5,55,0,15
37717,1,0,9,6,4,9,47,0,4
43776,1,1,177,71,3,8,73,0,17
38179,1,1,38,22,4,7,59,0,11
80124,0,0,483,398,120,1,62,1,19
38097,1,1,77,35,0,7,55,1,11
72940,0,0,182,298,120,1,55,0,13
22070,1,0,10,19,8,6,55,0,8
69267,0,0,778,499,95,7,72,0,14
31788,1,0,16,23,0,5,42,0,10
61905,0,1,167,43,6,5,50,0,12
29315,1,1,13,14,8,6,65,0,10
33378,1,1,33,40,3,7,62,0,9
66313,0,1,625,99,10,4,62,0,23
60714,0,0,216,224,101,5,69,0,23
77882,0,0,68,396,120,1,44,0,12
69867,0,0,196,512,33,1,39,1,17
63841,0,1,635,100,20,6,57,0,22
24480,1,0,4,9,28,7,44,0,10
51369,0,1,297,79,0,8,49,0,16
37760,0,0,84,38,120,7,79,0,13
65640,0,1,204,149,20,2,51,0,15
44319,1,1,26,8,0,5,50,0,7
30631,1,0,15,20,4,7,51,0,7
75278,0,0,304,230,120,3,73,0,23
50898,1,1,285,242,55,5,69,0,26
79946,0,0,395,556,120,3,59,0,21
35416,0,0,248,81,4,8,76,0,16
32414,0,0,20,5,0,7,41,1,5
38361,1,0,39,56,20,7,56,0,10
82497,0,0,777,556,120,4,45,1,19
16626,2,0,8,22,21,9,54,0,9
29672,1,1,9,3,0,6,60,0,4
55951,0,1,1225,80,0,8,73,2,23
35388,1,0,6,7,4,7,37,0,5
42386,1,0,65,16,0,8,39,0,7
68627,0,0,395,263,60,1,43,0,12
57912,0,1,801,80,0,5,60,1,28
35246,1,1,36,12,2,5,67,0,11
58821,0,1,513,154,19,6,69,0,21
46377,1,0,37,46,4,4,47,0,7
39747,1,0,80,93,20,8,37,0,13
23976,1,0,14,21,2,7,41,0,10
80950,0,0,525,112,120,2,64,1,23
27038,0,0,1,25,17,9,59,0,7
77457,0,0,675,400,15,1,78,1,18
64100,0,1,509,27,0,7,61,1,18
42670,0,0,154,46,20,4,33,0,11
12571,1,0,3,14,2,6,49,0,11
22574,2,1,25,8,2,7,58,0,7
51381,0,0,861,461,60,3,36,2,24
70893,0,0,768,556,77,3,49,0,23
54198,1,1,185,28,3,4,59,0,16
28839,1,1,24,7,0,5,69,0,7
40321,1,1,44,21,6,7,53,0,8
66503,1,0,91,128,65,3,40,0,15
30833,1,1,11,7,3,5,74,0,6
51381,1,2,738,172,52,7,55,2,21
64795,0,1,412,119,38,2,54,0,21
34421,1,0,3,7,6,7,51,0,4
47025,1,1,16,3,0,7,60,0,4
64325,0,1,731,353,78,7,64,0,23
40464,0,1,424,118,7,8,72,0,24
62187,0,0,792,275,45,3,68,0,18
14849,1,0,21,28,3,8,49,0,9
27255,1,0,22,11,0,7,41,0,5
54432,2,1,33,5,0,4,75,0,5
29999,1,0,68,59,10,8,39,0,12
24072,1,0,9,6,3,8,42,0,4
33996,0,0,40,15,8,4,36,0,6
66334,0,1,909,218,0,5,69,0,19
35178,1,0,23,13,2,7,54,1,5
22010,1,0,11,9,3,8,42,0,7
62204,0,2,317,247,120,3,65,0,22
75693,0,0,797,293,72,4,57,3,22
30675,1,0,10,16,11,8,53,0,5
83003,0,0,856,556,40,3,60,1,22
83532,0,0,755,556,104,1,93,1,15
68655,0,0,456,556,75,3,37,0,21
41411,0,0,37,38,11,6,39,0,8
55212,0,1,1103,45,0,8,56,2,20
59292,0,1,378,68,19,3,75,0,18
27190,1,0,1,7,0,8,52,1,4
82623,0,0,204,204,120,1,73,0,16
44300,1,1,30,9,0,6,60,0,6
84835,0,0,189,379,111,1,55,0,15
30372,1,1,15,12,7,7,54,0,8
33181,1,0,9,3,0,6,49,1,4
71113,0,1,495,255,11,4,68,0,26
71952,1,0,656,455,52,4,39,2,22
69759,0,0,452,514,13,3,59,0,18
72099,0,0,546,410,119,1,51,0,18
60000,0,1,1048,217,0,6,49,0,24
38643,1,1,22,14,0,7,47,0,7
50737,0,1,78,11,0,6,70,1,7
68462,0,0,561,556,84,1,56,0,15
65073,0,0,629,177,69,2,82,0,14
46681,0,2,269,69,15,5,77,0,16
78618,0,0,736,556,120,2,68,1,22
62187,0,1,512,83,0,4,56,0,21
28442,2,0,19,10,11,4,47,0,10
37717,1,0,9,6,4,9,47,0,4
51479,1,1,247,160,6,7,58,0,21
54803,0,1,404,92,28,4,56,0,19
79530,0,0,333,556,120,2,65,0,26
31615,1,0,2,20,6,7,49,0,7
72025,0,0,833,549,120,3,63,0,16
52614,0,1,789,142,12,8,50,0,16
35684,1,0,10,7,0,6,41,0,5
48178,1,1,159,45,6,8,50,0,16
29548,1,0,7,6,3,4,55,1,5
63810,0,1,977,253,16,8,59,1,23
38578,1,1,38,22,3,8,53,0,9
46098,1,1,57,27,0,8,50,0,11
22585,0,0,3,15,13,9,55,1,5
30279,1,0,10,14,4,8,36,0,5
66426,0,1,1043,97,32,6,64,0,20
30822,1,0,3,13,2,7,56,0,5
33581,2,0,11,5,0,8,56,0,4
19986,1,0,3,5,0,7,40,0,4
27421,0,0,43,96,78,7,71,0,14
35688,2,1,73,90,12,8,52,0,15
36143,1,0,12,1,0,3,44,0,4
10245,1,0,4,7,6,5,54,0,8
43795,0,1,314,53,4,7,57,1,17
63381,0,1,571,142,33,2,65,0,26
38823,0,1,70,11,2,6,76,0,7
83664,1,1,866,151,28,5,57,0,19
90300,0,0,594,556,33,1,46,1,19
62499,1,0,140,61,0,4,46,0,12
74293,0,0,375,335,93,2,32,0,16
51012,0,0,102,63,2,6,79,0,10
70777,0,1,554,113,0,3,57,0,23
68682,0,0,919,505,99,2,34,0,24
43824,1,1,96,42,12,8,54,0,12
15345,1,0,5,16,3,8,41,0,6
23442,1,0,2,6,8,7,38,0,5
14515,1,0,6,9,6,7,45,0,11
31395,1,1,23,25,0,6,69,0,10
75276,0,0,610,125,120,5,60,0,23
42373,1,1,67,61,3,5,51,0,13
30507,0,0,65,74,38,7,65,0,11
55521,1,2,416,26,0,7,70,1,21
48006,1,1,23,11,3,6,60,0,5
27213,1,0,19,26,10,8,53,0,9
65808,1,1,155,80,13,6,54,0,14
30351,1,0,14,24,3,9,51,0,6
50437,0,2,370,92,6,7,62,0,19
23616,1,0,4,11,3,8,43,0,8
53858,0,1,407,221,58,4,49,0,17
66465,0,1,1200,204,38,6,70,1,35
46923,1,0,85,54,102,7,38,0,16
75072,0,1,583,309,0,3,63,0,19
75865,0,0,483,556,120,1,82,0,19
19789,1,0,2,9,28,5,50,1,9
80134,0,0,966,282,52,5,31,4,21
91065,0,0,822,108,120,3,44,2,26
49505,1,1,604,100,19,8,54,0,26
37401,1,0,19,19,3,7,52,0,7
30096,1,0,5,11,12,6,42,0,6
18492,1,0,2,2,2,8,43,0,4
82584,0,0,1076,103,29,1,51,2,16
93027,0,0,1225,556,55,2,84,1,22
48686,1,2,10,7,2,8,72,0,4
92910,0,0,551,556,120,1,39,3,27
75433,1,0,800,297,0,6,36,2,19
10404,1,0,2,11,10,5,36,0,7
61314,0,1,378,189,97,3,57,0,24
84865,0,0,1225,349,43,4,64,4,16
42387,1,0,235,235,19,8,36,0,21
67309,1,1,515,181,120,7,58,0,30
75236,0,1,438,400,12,4,61,0,25
30015,1,0,25,22,2,5,55,0,7
50943,0,1,31,7,2,5,69,0,5
67272,0,1,357,271,28,5,59,0,23
51529,0,1,400,35,6,8,76,0,17
32011,1,0,99,15,2,7,54,0,10
7500,1,0,1,5,4,8,39,0,7
28691,1,0,5,13,8,8,36,0,5
56223,0,1,77,31,16,4,77,0,10
18100,0,0,3,2,4,5,79,0,4
30279,1,0,10,14,4,8,36,0,5
20130,0,0,0,3,7,8,51,0,5
23295,0,0,0,1,2,8,66,0,4
42618,1,0,76,74,13,8,53,0,11
81246,0,0,398,537,61,1,61,2,17
24027,1,0,14,11,11,8,49,0,7
55707,0,1,208,82,30,3,72,0,16
57959,0,1,430,322,43,3,70,0,27
56796,0,1,656,161,62,7,56,0,27
36230,1,0,14,30,8,5,54,0,7
70829,1,1,141,106,72,3,45,0,16
65991,0,1,507,364,25,7,49,0,27
38988,1,2,164,103,12,8,53,0,18
89572,0,0,606,556,120,4,59,2,24
42207,1,0,116,72,3,6,41,1,14
50300,0,1,143,60,24,2,73,0,13
66664,0,0,398,447,120,3,43,0,19
60597,0,1,522,257,32,7,61,1,16
70165,0,0,161,253,120,1,76,0,22
50520,0,1,112,6,2,6,67,0,9
80124,0,0,483,398,120,1,62,1,19
33183,1,0,7,39,17,7,50,0,9
66582,0,0,789,420,16,1,56,0,20
75261,0,0,1225,413,23,2,70,2,17
31880,1,0,4,5,2,8,55,0,4
53790,0,2,335,127,28,6,74,0,20
49269,1,0,639,166,11,7,54,0,25
61456,0,1,563,384,84,4,50,0,33
37406,1,0,2,8,2,8,45,0,4
56937,1,0,746,125,11,6,44,1,29
38415,1,1,22,13,4,7,47,0,6
20518,1,0,4,6,4,5,37,0,5
62503,0,1,478,193,110,5,69,0,26
41644,1,1,20,4,2,3,53,0,6
55842,0,1,451,39,0,5,48,0,17
62010,0,1,371,39,6,5,53,0,19
41124,1,0,281,84,15,8,48,0,20
38961,1,0,19,19,0,7,52,0,6
37760,1,0,26,13,2,6,53,0,6
32233,1,0,138,35,25,9,51,1,12
43057,0,1,213,44,0,5,50,0,15
83151,0,0,407,100,120,3,65,0,19
78825,0,0,483,114,120,3,61,0,29
65104,0,1,738,232,13,7,49,0,17
60093,0,1,502,109,16,6,51,0,21
14045,1,0,11,5,2,7,56,0,5
28457,0,0,24,108,29,8,73,0,10
78952,0,1,1170,556,99,6,67,0,21
46310,1,0,185,88,15,8,49,0,14
76005,0,0,983,389,120,6,70,1,22
58308,0,1,691,69,10,8,61,0,15
55614,0,0,504,131,8,7,81,1,20
59432,0,1,317,265,25,5,63,0,22
55563,0,1,29,9,2,3,47,0,6
78642,0,1,1225,322,46,6,54,0,18
67911,0,1,529,356,63,3,76,0,27
65275,0,0,388,218,91,2,81,0,21
27203,1,1,13,21,4,8,75,0,6
48330,0,1,28,4,0,5,64,0,5
24279,0,0,16,21,20,8,35,0,9
64355,1,0,1047,140,67,8,40,0,21
50943,0,1,31,7,2,5,69,0,5
53653,0,0,815,239,28,6,72,0,28
65665,0,1,225,387,106,3,49,0,24
81217,0,0,493,324,120,1,36,0,22
34935,0,0,34,66,3,7,33,0,8
61250,0,1,382,65,60,5,66,0,25
39665,1,0,127,56,0,7,44,1,12
60152,0,1,325,300,86,3,46,0,23
48920,0,2,238,68,8,7,61,1,16
89120,0,0,1168,408,72,1,66,1,19
44124,0,1,284,55,0,8,79,0,17
81169,0,0,1225,556,80,2,50,0,22
36443,1,1,65,46,4,8,64,0,11
26095,1,0,11,9,3,7,35,0,5
71367,0,0,227,389,42,2,66,0,17
80184,0,0,1035,556,25,3,81,2,20
30630,1,1,27,12,2,7,60,0,7
73454,0,0,982,351,56,5,38,1,13
42691,0,0,179,64,38,5,34,0,13
70503,0,0,1225,216,0,6,72,2,16
25545,1,0,32,64,16,6,38,0,10
32880,1,0,8,15,7,8,39,0,5
77863,0,0,881,319,16,2,67,0,20
50353,0,0,141,153,67,3,48,0,15
61839,0,0,1000,379,120,8,61,0,17
49154,1,1,206,67,30,6,65,0,19
47682,0,1,162,83,97,5,50,0,19
72679,0,1,619,260,120,1,56,0,17
57954,1,1,456,24,0,7,48,1,22
65316,1,1,112,92,3,4,63,0,12
28567,1,0,11,22,2,6,43,0,7
47352,0,1,172,112,8,7,74,0,16
44931,0,1,78,11,0,5,58,0,7
76982,0,0,464,292,65,4,58,1,16
57247,0,1,99,32,37,2,73,0,12
22944,1,0,19,19,4,7,44,0,9
25315,1,0,1,8,11,8,48,0,9
43638,0,1,63,83,7,7,56,0,11
42710,1,0,252,42,4,6,41,0,14
84169,0,0,1225,403,0,3,43,2,20
54058,0,1,198,252,32,3,49,0,20
24683,1,0,8,10,6,5,35,0,8
85620,0,0,416,556,60,1,61,0,14
47850,1,0,42,43,20,6,45,0,8
19514,1,1,14,21,2,8,57,1,10
27159,1,1,17,3,0,6,52,0,6
39548,1,1,15,10,3,3,62,0,7
21474,1,0,6,24,11,7,36,1,8
60504,0,1,458,24,6,6,54,0,18
22419,0,0,30,47,19,8,62,0,8
81698,0,0,179,520,111,1,76,0,25
43462,1,1,90,97,15,8,73,0,16
54880,1,0,308,137,102,5,47,0,21
79908,0,0,557,556,29,2,43,1,19
15315,0,0,7,13,15,5,55,0,8
87771,0,1,1225,287,50,6,66,4,20
33039,1,0,30,12,8,5,47,0,7
81741,0,0,249,556,58,2,45,0,19
71499,0,1,465,132,120,4,54,0,26
62466,0,1,129,259,120,4,55,0,26
48799,0,1,174,81,28,3,62,0,15
52157,0,1,189,29,3,4,75,0,12
66565,0,1,747,161,65,8,63,0,19
29298,1,1,6,2,2,5,74,0,4
47691,0,1,14,3,0,6,46,0,4
38200,1,1,12,4,0,7,55,0,4
44989,0,1,98,106,49,6,51,0,16
38443,1,1,32,5,0,7,57,0,6
38593,1,0,51,49,17,8,47,0,11
64413,0,1,200,44,0,5,55,0,12
36959,1,0,25,25,6,8,44,0,7
61996,0,1,1050,144,0,5,48,3,21
51287,1,1,117,22,13,7,57,0,11
13260,1,1,9,17,10,8,55,0,10
47472,1,1,56,11,0,5,59,0,8
54603,1,1,145,46,17,7,69,0,16
45207,1,1,203,10,0,6,51,1,15
40689,0,1,270,27,39,8,74,0,19
47821,1,1,9,16,6,8,58,0,5
27450,0,0,37,23,8,7,74,0,7
39453,1,0,46,7,0,6,42,0,7
26850,1,1,31,13,7,4,54,0,11
79800,0,0,1060,530,32,3,70,3,21
61794,0,1,264,188,54,2,64,0,20
53863,0,1,399,30,6,7,70,1,18
24221,0,0,8,9,2,4,66,0,6
39684,1,0,19,35,6,7,41,0,7
92163,0,0,817,556,106,2,50,2,20
69882,0,0,292,556,120,1,60,0,20
33178,1,0,12,2,11,4,48,0,5
59973,0,0,130,168,20,1,53,0,15
17459,1,0,6,16,3,7,50,0,9
23910,1,0,16,18,7,7,56,0,6
42169,1,1,19,9,0,8,56,0,6
26224,1,0,4,15,13,6,47,0,9
31089,1,0,31,31,2,8,44,0,10
30081,0,1,36,2,0,7,64,0,5
62807,0,1,526,135,10,5,65,0,23
72906,0,0,400,519,71,1,70,0,17
61467,0,2,410,114,0,5,77,0,20
49618,1,1,80,26,4,7,59,0,11
21888,1,0,88,46,2,10,39,0,12
42429,0,1,55,6,2,5,52,0,7
26150,2,1,5,13,3,7,69,0,5
30801,0,1,8,5,15,7,50,0,6
81168,0,0,410,556,120,3,60,1,18
26877,0,0,101,76,20,6,56,0,12
45006,0,0,162,53,16,3,81,0,12
18978,1,0,2,1,4,8,52,0,5
22574,2,1,25,8,2,7,58,0,7
48240,0,0,389,248,64,5,56,0,25
45837,1,1,215,87,17,7,51,0,18
35791,2,1,27,5,0,8,60,0,6
117416,1,1,85,16,2,1,49,0,1
54162,1,1,5,10,6,4,47,0,5
30522,0,1,179,83,19,2,65,0,17
54456,0,1,352,27,10,6,64,0,17
31632,0,0,17,12,11,7,54,0,6
72298,0,0,625,169,58,1,76,2,14
36975,1,0,10,11,0,7,47,0,5
72635,0,0,390,323,104,3,70,1,21
13624,1,0,10,15,2,6,49,0,7
84196,0,1,215,507,120,3,50,0,20
70971,0,1,1001,556,93,7,65,0,32
34487,1,1,19,33,24,9,48,0,9
28769,1,0,41,129,10,9,48,0,12
69084,1,0,1181,199,39,8,55,0,25
65488,0,0,603,207,36,1,67,0,14
62466,0,1,129,259,120,4,55,0,26
32218,0,0,10,15,13,7,65,1,7
83917,0,0,514,556,42,3,52,0,21
46102,2,1,14,1,0,7,63,0,4
84574,0,0,387,556,38,5,73,0,31
56181,0,1,121,69,8,4,63,0,14
63120,0,1,965,279,54,7,75,0,26
73691,0,1,707,250,85,2,54,1,18
63381,0,1,571,142,33,2,65,0,26
76140,0,0,586,556,17,2,77,0,21
62859,0,1,1063,102,16,6,66,0,23
45906,0,1,305,27,4,5,61,1,15
77632,0,0,1200,556,0,2,78,2,13
46463,1,1,163,40,8,6,54,0,16
105471,0,0,1009,104,120,3,55,2,30
55282,1,0,125,73,8,4,55,0,11
78710,0,1,721,152,119,4,48,0,28
66886,0,1,315,62,41,5,67,0,17
98777,0,0,1000,556,120,1,65,1,19
29103,1,0,16,17,6,9,40,0,6
67445,0,1,757,217,29,6,51,0,32
50616,0,1,30,25,0,2,75,0,7
49431,0,1,219,100,26,8,70,0,15
117416,0,0,1,1,1,0,50,0,0
61278,0,1,111,28,2,6,72,0,10
26490,0,0,45,52,21,6,67,0,11
73059,0,1,410,420,0,4,78,0,26
46734,1,2,100,39,6,6,59,1,12
56253,0,1,509,65,7,6,62,0,22
19986,1,0,3,5,0,7,40,0,4
58330,0,1,445,213,104,4,50,0,24
25965,0,0,2,11,41,8,45,0,6
14661,0,0,4,11,6,6,69,0,5
18690,0,0,6,7,23,8,66,0,5
45068,0,1,14,3,0,7,51,0,4
21063,1,0,1,11,19,6,38,0,7
29187,1,0,26,6,0,8,57,0,5
54690,1,1,111,37,7,3,54,0,12
59304,0,1,418,428,80,5,61,0,28
59247,0,2,327,122,19,6,63,0,21
66731,0,1,371,194,58,3,55,0,17
77353,0,1,275,107,69,4,45,0,20
52614,0,1,789,142,12,8,50,0,16
26751,2,0,1,5,0,8,51,0,4
81300,0,1,1004,145,32,5,62,1,21
70337,0,0,187,149,25,1,46,0,17
36145,1,0,56,76,17,9,40,1,12
65295,0,0,365,117,34,2,45,0,20
68118,0,1,595,123,10,6,62,0,23
68743,0,0,1132,384,120,7,58,0,30
41039,0,0,34,137,120,8,43,0,15
38946,0,1,116,82,6,5,70,0,12
65777,0,0,565,435,28,1,58,0,17
66476,0,1,372,126,47,4,49,0,20
86857,0,0,899,556,120,2,53,0,22
117416,0,0,55,556,17,0,43,0,17
77845,0,0,760,480,0,1,36,2,21
69476,0,0,260,556,63,2,56,0,15
50611,0,1,459,24,6,6,65,1,22
61209,0,0,466,224,119,2,55,0,13
42315,0,1,67,80,17,3,67,0,12
13084,0,0,2,7,3,6,73,0,5
47570,1,1,67,20,0,7,76,0,9
61923,0,2,92,18,3,3,64,0,8
34824,0,0,4,11,2,6,30,0,4
26518,1,1,20,28,3,8,76,0,8
45938,0,0,273,178,62,6,64,0,20
78468,0,0,434,388,104,4,65,1,28
78901,0,1,321,309,33,4,52,0,20
71427,2,0,212,177,15,4,47,0,20
71022,0,1,909,278,0,8,47,1,21
90247,0,0,1184,352,21,1,37,3,15
41335,1,0,112,21,16,7,57,0,12
71952,1,0,656,455,52,4,39,2,22
35682,1,0,23,8,6,2,55,0,6
43185,0,1,537,42,16,8,74,0,20
66375,0,1,712,45,0,7,77,1,14
35178,1,0,23,13,2,7,54,1,5
25252,1,0,1,4,2,8,39,0,4
55250,0,1,664,83,32,5,60,0,26
33249,1,0,6,21,19,6,50,0,8
58398,0,0,299,201,21,4,72,0,20
50272,1,0,99,66,43,7,43,0,13
76618,0,0,749,294,120,1,50,0,11
87305,0,0,345,501,63,2,65,1,17
25851,1,0,9,18,7,7,47,0,7
58710,0,1,440,368,0,6,55,0,31
45160,1,1,8,5,3,7,67,0,4
74806,0,1,670,249,0,4,60,0,16
59111,0,0,524,134,28,7,71,0,21
18988,1,0,6,6,2,7,41,0,6
72190,0,0,597,556,120,3,60,0,16
7500,1,0,7,12,13,9,49,1,12
44794,0,1,54,7,0,6,59,0,6
80395,0,0,445,556,80,2,70,1,24
75012,0,0,294,218,120,1,49,0,23
56962,2,1,292,77,10,7,60,0,20
89891,0,0,412,132,59,4,34,1,26
35946,1,1,8,3,0,5,76,0,4
53593,1,1,349,78,6,8,72,0,21
66373,1,1,328,124,12,3,47,0,22
45072,1,2,144,99,7,8,77,0,16
89694,1,1,1126,211,37,5,52,3,14
72025,0,0,967,556,43,2,76,3,26
67432,0,1,432,341,120,4,52,0,19
70545,0,1,138,63,55,2,73,0,13
17487,1,0,0,1,7,7,36,0,4
62882,0,1,509,497,78,4,56,0,20
64108,0,1,948,86,13,5,72,0,30
34941,1,1,39,25,4,8,69,0,8
48767,1,2,28,21,3,5,75,0,9
38702,1,0,13,24,13,6,47,0,9
82224,0,0,307,360,120,3,61,1,21
83844,0,0,901,345,75,1,73,1,20
17003,1,0,2,12,4,5,50,0,9
71163,0,0,283,372,120,1,30,0,24
33697,1,0,4,7,0,7,55,1,4
63564,0,0,769,252,15,6,71,1,28
83443,0,0,518,556,55,2,53,0,22
51518,0,1,350,66,17,3,67,0,17
58330,0,1,445,213,104,4,50,0,24
80952,0,0,778,556,41,8,56,3,25
75507,0,0,709,374,104,3,46,0,21
63855,0,0,359,314,93,4,47,0,24
62220,0,1,799,375,16,6,53,0,23
58512,0,1,895,101,13,8,61,0,20
40662,1,0,40,23,0,4,46,0,8
38829,0,1,76,7,0,5,66,0,8
35523,1,0,11,22,12,7,44,0,8
79146,1,1,245,223,21,6,58,0,19
78285,0,0,647,391,120,3,37,0,21
31626,1,0,39,9,2,7,47,1,6
75127,0,0,203,305,46,1,73,0,18
48726,0,1,138,38,4,6,70,0,12
74985,0,0,587,556,120,2,48,0,17
67430,0,0,595,291,120,6,38,0,29
46891,0,1,43,23,29,4,60,0,8
62058,0,1,301,74,10,6,69,0,18
72063,0,1,180,348,76,2,46,0,21
78939,0,0,794,243,120,3,74,0,20
42720,1,1,392,91,28,8,60,0,23
33622,1,1,39,22,3,7,53,0,9
6835,0,1,107,12,2,13,68,0,1
41452,1,1,13,3,0,7,72,0,4
40760,0,1,70,17,0,6,60,0,8
74250,0,0,680,392,75,1,67,0,17
51124,1,1,26,11,0,3,70,0,6
72258,0,1,522,522,120,2,54,0,22
71466,0,0,412,546,78,1,51,0,19
36283,1,1,6,5,8,4,49,0,6
20587,1,0,2,6,4,7,55,0,5
30467,1,0,1,8,2,7,53,0,4
31590,1,0,6,15,6,8,53,0,5
20425,1,0,4,5,3,7,39,0,7
17144,1,1,18,19,0,7,65,0,12
42564,0,1,324,186,39,7,57,1,24
43783,1,0,327,125,25,7,47,1,22
40780,0,1,229,71,13,9,49,0,17
62847,0,0,521,556,80,2,80,0,14
82017,0,0,184,446,30,2,68,3,17
16813,0,0,4,11,12,7,75,1,6
51267,1,1,183,64,7,4,47,0,15
46524,0,1,31,35,26,3,64,0,9
45183,0,0,219,60,12,7,63,1,13
70421,0,1,479,136,75,6,71,0,23
60161,0,1,584,212,46,8,60,0,26
73926,0,0,627,556,120,3,52,0,24
19329,1,0,24,16,12,8,57,0,10
61872,0,1,330,159,36,4,55,0,21
46984,1,1,19,10,2,5,69,0,5
34838,1,1,28,29,29,6,74,0,10
82716,0,0,606,228,15,2,81,0,28
48192,0,0,1039,204,120,8,67,3,25
49681,0,2,411,26,0,7,49,0,21
56850,0,1,34,19,2,2,54,0,6
55267,0,1,161,136,32,3,68,0,17
59666,1,1,623,178,23,8,53,1,19
72504,0,1,604,470,120,2,53,0,22
26872,0,0,3,8,3,6,44,0,5
21359,1,0,12,17,6,8,53,0,7
73170,0,0,184,256,50,2,50,0,16
52750,0,1,393,239,90,4,70,0,27
91820,0,0,410,556,76,1,39,0,22
65968,0,1,376,83,19,3,55,0,18
30772,1,1,7,4,2,6,49,0,4
22507,0,0,68,226,51,9,71,0,19
65685,0,1,642,49,0,5,53,0,21
25804,1,0,8,9,13,8,47,0,7
76412,0,0,840,556,23,3,45,2,18
22063,1,0,7,13,3,7,53,0,7
57091,0,0,464,64,7,5,64,1,18
22419,0,0,30,47,19,8,62,0,8
87771,0,1,1225,287,50,6,66,4,20
78353,0,1,752,476,39,8,66,0,24
93404,1,2,1225,287,20,5,71,2,17
37859,1,2,22,8,2,8,63,0,6
80995,0,1,860,409,73,4,67,0,22
16529,1,0,3,5,13,6,41,0,5
55412,1,1,10,28,11,5,49,0,6
48789,0,0,351,156,7,6,33,0,18
56575,0,2,421,90,0,5,58,0,20
25130,1,0,2,7,0,7,45,0,7
35441,1,1,25,9,2,8,58,0,6
71391,0,1,336,274,46,3,69,0,28
49494,1,0,191,97,0,7,53,0,14
81702,0,0,563,556,28,3,45,0,27
45889,0,1,31,6,0,6,45,0,5
56628,0,1,479,82,7,5,48,1,20
34026,1,1,18,15,12,5,75,0,9
40049,0,1,91,52,10,5,51,0,14
34176,1,0,5,24,19,6,37,0,11
19419,1,0,2,28,16,9,44,0,11
82504,0,0,362,431,120,1,65,0,17
81205,0,0,724,556,97,2,55,3,19
61618,0,0,605,399,0,3,34,0,19
55284,0,1,547,140,0,5,69,0,23
49980,0,1,104,54,13,5,62,0,11
15072,2,0,8,15,0,5,45,0,11
49166,0,1,224,25,7,6,51,0,13
65324,0,1,384,102,21,4,71,0,20
82347,0,0,556,556,120,3,68,2,25
30843,1,1,24,2,0,5,59,1,6
46374,0,1,408,21,0,8,51,2,18
60474,0,1,265,303,120,7,46,0,30
38576,0,1,34,7,0,7,52,0,5
55357,2,0,374,116,84,5,40,0,22
37758,1,1,27,10,0,8,59,0,6
85710,0,0,600,350,29,2,36,1,26
23228,1,0,13,18,6,8,56,0,7
44602,1,1,167,89,0,8,56,0,17
7500,0,0,0,3,4,6,38,0,4
38683,1,0,46,69,84,7,36,0,17
49514,1,0,88,78,58,7,50,0,13
57906,0,1,243,119,10,4,52,0,17
43456,0,1,275,68,25,5,59,0,17
19485,2,0,6,4,0,7,39,0,4
53172,0,1,121,90,68,3,47,0,16
30545,1,0,4,15,19,7,46,0,7
70123,0,0,1225,396,23,3,42,2,17
62450,0,1,515,267,62,3,66,1,16
21675,1,0,4,16,17,7,49,0,10
42395,1,1,48,57,24,7,44,0,12
61346,1,0,562,168,43,3,47,0,23
80812,0,0,769,500,120,2,72,3,18
42835,1,1,379,93,12,6,54,0,22
39922,1,0,29,59,19,8,42,0,9
86424,0,0,387,556,89,1,69,0,28
17117,1,0,12,38,30,9,47,0,11
24762,1,0,6,12,3,8,53,1,9
35797,0,1,27,14,4,8,50,0,7
36627,2,0,9,5,0,5,50,0,4
51111,1,1,22,19,6,6,44,0,7
86857,0,0,899,556,120,2,53,0,22
82072,0,0,889,556,120,1,55,0,19
46231,2,1,189,55,0,9,72,0,15
42243,1,1,48,2,0,7,66,0,7
51195,1,1,230,156,82,8,63,0,22
68092,0,0,852,207,78,5,47,0,20
31814,1,0,35,20,4,9,52,1,7
51390,1,1,205,47,23,5,60,0,18
76630,0,0,255,446,40,1,42,0,25
26868,1,0,0,1,8,7,34,0,4
48948,0,0,437,206,120,6,82,1,24
55260,0,1,825,53,11,6,53,0,25
64090,0,1,316,161,76,5,69,0,20
78331,0,1,756,354,120,4,67,0,25
37087,1,0,194,134,15,6,51,0,17
21846,1,0,7,18,6,8,39,0,11
81320,0,0,183,493,59,2,67,0,18
54137,0,1,171,11,0,6,55,0,11
66825,0,0,243,405,29,2,58,0,16
57100,0,0,181,69,39,3,52,0,13
58917,1,2,151,89,0,5,56,0,16
85072,0,0,494,391,120,0,48,0,18
86429,0,0,464,556,29,2,64,1,18
45684,1,0,5,5,10,7,54,0,4
47889,1,0,29,29,0,5,51,0,6
45921,0,0,102,49,24,4,39,0,10
78420,0,0,604,556,91,1,59,0,22
75114,0,0,571,523,63,2,33,0,19
52278,0,1,953,71,0,8,62,0,31
35641,1,0,63,67,8,7,53,0,10
95529,0,0,770,556,120,3,31,1,18
62820,0,0,398,265,120,1,71,0,14
73113,0,0,741,154,50,2,65,0,15
84169,0,0,1225,403,0,3,43,2,20
42607,0,1,156,56,30,3,71,0,14
74637,0,0,960,464,120,3,71,1,25
46015,1,1,38,2,0,7,70,2,5
72354,0,0,315,473,120,1,32,0,19
39858,1,0,15,25,2,6,56,0,7
34469,1,1,19,20,0,4,77,0,9
83033,1,0,812,431,120,5,39,1,26
24401,0,0,73,217,10,8,46,0,16
77583,0,0,372,384,120,2,47,1,19
74116,0,0,871,556,120,2,43,1,19
74293,0,0,375,335,93,2,32,0,16
68397,0,1,760,466,17,3,49,0,21
79632,0,0,471,510,99,2,51,0,20
46107,1,0,31,27,16,3,36,0,7
64950,0,1,819,72,12,7,74,1,25
25443,1,0,1,3,8,8,36,0,5
75127,0,0,203,305,46,1,73,0,18
32892,1,0,26,15,2,8,54,0,8
71796,0,0,354,311,120,4,54,0,17
67536,0,1,1225,447,23,8,55,1,30
55239,0,1,371,238,23,5,54,0,26
60554,1,0,588,76,110,6,50,0,23
64831,1,1,480,249,75,6,73,0,20
56067,0,1,517,54,16,5,63,0,20
82025,0,0,267,556,48,1,42,1,12
94384,0,0,1111,556,120,2,72,3,18
14906,0,0,7,14,7,7,39,0,9
51563,0,0,1166,48,0,8,38,2,19
57937,0,1,261,144,55,3,43,0,20
68274,1,1,135,51,23,3,46,0,13
39771,1,0,6,18,2,4,48,0,6
67893,0,1,711,142,49,8,50,0,16
27922,1,0,11,13,2,4,46,0,6
52190,1,1,42,17,0,5,49,1,9
44051,1,1,79,58,6,6,52,0,12
42767,2,0,20,43,19,8,54,0,7
46106,1,1,30,8,2,6,49,0,5
16927,1,1,20,23,3,8,49,0,12
59754,0,1,115,44,4,5,60,0,16
53700,0,1,263,233,69,5,73,0,22
59041,1,1,69,15,2,5,52,0,8
54237,0,1,267,30,4,6,68,0,16
70647,0,1,561,171,25,2,58,0,26
52597,0,1,492,37,7,5,63,0,20
41021,1,0,14,9,6,6,56,0,7
40233,0,1,80,46,0,6,50,0,13
50183,1,1,97,84,13,5,45,0,16
54753,0,1,197,227,7,4,66,0,21
92955,0,0,693,556,31,2,52,2,23
33471,1,0,43,27,0,7,52,0,10
34596,1,0,14,2,0,8,51,0,4
44010,1,0,186,234,86,9,45,0,24
84219,0,0,434,400,45,1,37,0,18
40706,2,1,59,11,4,7,57,0,11
15716,1,0,16,30,8,8,37,0,10
59052,0,1,230,75,63,5,66,0,18
80573,0,0,829,430,60,2,54,0,24
83715,0,0,318,407,120,0,63,0,24
82576,0,0,1206,445,120,1,66,1,19
56962,2,1,292,77,10,7,60,0,20
35704,1,1,30,12,2,4,73,0,9
53103,0,1,729,133,11,7,71,1,28
46779,1,1,12,3,0,4,65,0,4
4861,0,0,2,1,1,13,60,0,0
33462,1,0,22,18,0,7,46,0,6
63693,0,1,587,337,42,6,47,0,29
80763,0,0,674,108,120,3,75,2,22
65352,0,1,284,84,4,4,51,0,16
82170,0,0,1023,556,49,2,47,0,19
75759,0,0,1225,556,89,5,56,3,26
79689,0,0,311,556,120,2,49,0,27
35340,1,1,27,12,0,5,69,0,7
85683,0,0,1225,311,45,1,71,4,17
24884,1,0,3,7,0,7,53,0,4
42021,1,0,393,136,7,9,44,1,22
64449,1,0,218,282,120,4,36,0,24
64587,1,1,66,16,0,3,71,0,8
34824,0,0,4,11,2,6,30,0,4
75437,0,0,795,545,95,6,47,1,23
26091,1,1,15,19,8,5,68,0,9
52845,1,0,384,292,120,6,52,1,25
46086,0,1,244,32,7,4,69,0,16
78028,0,1,158,288,25,7,69,2,20
95169,0,0,1225,449,106,1,38,2,12
56337,1,1,349,144,28,8,44,2,22
22434,1,0,4,11,3,8,38,0,7
36930,0,1,223,31,0,8,71,0,16
36130,0,1,157,127,68,4,71,1,21
65569,0,1,397,288,20,3,72,0,23
83844,0,0,901,345,75,1,73,1,20
19514,1,1,14,21,2,8,57,1,10
36736,1,1,10,3,0,6,62,0,4
77568,0,1,1225,396,120,5,46,3,21
49187,0,1,81,31,2,2,49,0,8
30168,1,0,154,66,0,9,47,0,17
34053,0,1,63,21,7,8,57,0,7
38196,1,1,30,11,0,5,54,0,9
59412,0,0,90,165,30,3,74,0,15
70924,0,0,635,254,120,3,60,1,20
54165,0,0,127,73,15,2,56,0,11
32300,1,0,13,6,6,8,52,0,5
20180,0,0,18,24,15,7,49,0,8
34961,1,0,45,26,4,7,52,0,10
28440,1,0,38,24,0,8,51,0,6
64504,1,2,986,168,16,7,72,0,24
33564,0,1,61,3,0,5,59,0,6
17345,1,0,4,16,17,8,47,0,7
56320,0,1,201,172,116,4,58,0,21
28647,1,0,19,29,0,7,47,1,7
15038,1,0,4,11,19,9,38,0,7
32173,0,1,18,2,0,4,67,0,5
68316,0,1,806,161,120,6,61,0,32
74538,0,0,380,556,110,3,54,1,22
91700,0,0,576,556,120,3,54,0,20
68695,0,0,458,356,106,2,56,0,16
31056,1,0,5,13,3,8,48,0,5
79593,0,0,350,556,110,2,52,1,19
28071,0,0,39,130,41,8,45,0,13
37334,1,1,26,16,2,4,67,0,11
46423,1,1,68,16,0,7,53,0,9
37126,1,0,45,9,4,6,54,1,6
47703,0,1,359,134,13,5,72,0,21
61180,0,1,403,29,6,3,66,1,18
38998,1,1,34,14,0,8,71,0,8
8028,0,0,73,66,7,13,34,0,7
76081,0,0,292,415,63,2,63,1,14
34728,1,0,14,16,0,6,39,0,5
33168,0,1,80,37,0,7,60,0,10
33585,0,1,30,33,13,4,59,0,7
77037,0,1,463,333,120,3,65,0,27
35196,1,0,75,141,43,8,41,0,18
44529,0,1,538,91,17,5,59,1,25
70924,0,0,635,254,120,3,60,1,20
28764,1,1,8,3,0,8,59,1,4
69098,0,0,1225,556,120,5,76,0,25
25959,1,1,4,12,7,6,55,0,7
27100,1,0,12,13,2,7,42,0,5
70596,0,0,347,534,17,2,40,0,21
42557,0,1,192,53,0,8,51,0,15
53312,0,0,241,12,0,7,74,0,12
72228,0,0,631,491,30,3,73,0,22
67605,0,0,336,282,120,1,38,0,17
62845,1,1,1099,45,0,8,76,1,23
65196,0,2,743,181,12,5,67,1,26
42000,0,0,124,267,85,5,38,0,20
35860,1,1,15,8,4,5,52,1,6
65526,0,1,397,69,12,2,61,0,17
16860,1,1,10,4,3,7,64,0,8
83528,0,0,530,556,120,1,33,2,23
64176,0,1,1215,249,64,6,60,0,31
22304,0,0,3,7,0,8,69,0,4
67023,0,0,444,382,11,2,47,0,24
32892,1,0,26,15,2,8,54,0,8
70713,0,1,736,279,82,3,59,0,25
59925,0,1,473,176,19,6,70,0,23
39722,0,1,32,5,2,5,72,0,7
46610,0,0,288,30,4,6,67,0,14
88347,0,0,1050,555,77,1,64,1,21
87171,0,0,1001,107,58,2,44,2,25
26907,1,1,9,7,0,7,49,0,6
50014,1,0,234,77,19,5,57,0,15
41014,1,0,7,6,2,7,47,0,4
66294,0,0,251,334,65,2,60,0,13
36715,1,0,172,125,21,9,54,0,19
79456,0,0,565,548,64,3,69,0,16
40479,1,0,5,8,2,4,43,0,4
75345,0,0,918,556,99,3,55,1,20
54233,0,1,652,158,21,8,48,0,26
24163,1,1,4,7,2,4,55,0,6
84460,0,0,152,103,106,5,67,4,22
43776,1,0,8,9,2,6,42,0,4
71691,0,0,336,411,120,2,67,0,17
85844,0,0,938,556,25,2,52,1,20
39190,1,0,68,18,19,5,51,0,9
71367,0,0,227,389,42,2,66,0,17
38578,1,1,38,22,3,8,53,0,9
57236,1,1,105,9,2,3,60,0,10
61825,0,1,162,100,55,4,46,0,15
79803,0,1,574,216,21,1,67,0,13
80910,0,0,160,369,67,1,39,0,15
27590,1,0,6,5,0,7,43,0,4
56775,0,1,614,160,58,5,46,0,25
83829,0,0,897,430,120,1,50,3,17
54210,0,1,70,109,80,5,46,0,14
38508,1,0,120,206,25,8,39,0,20
53187,1,0,211,30,7,5,55,0,13
30023,1,0,11,16,7,8,53,0,6
76045,0,0,760,400,17,2,65,1,21
50870,0,1,53,8,0,5,73,0,6
15315,0,0,7,13,15,5,55,0,8
65463,1,0,391,70,21,5,51,1,19
66480,1,1,199,57,20,4,60,0,18
76773,0,0,516,449,86,1,71,0,16
81698,0,0,709,115,30,5,42,1,16
54466,1,1,12,4,0,5,52,0,4
98777,0,0,1000,556,120,1,65,1,19
16269,1,0,19,18,3,8,41,0,9
71819,0,1,1224,140,0,6,54,2,14
33569,1,0,16,18,3,8,42,1,5
36262,0,0,88,54,64,6,42,1,12
22634,0,0,2,11,8,8,59,0,6
47025,0,1,508,59,23,9,47,0,23
70566,0,1,381,215,84,3,57,0,22
31605,1,0,74,42,2,7,46,0,9
52034,1,1,146,93,7,7,52,0,16
48526,1,0,23,23,43,3,46,0,8
46734,0,1,110,137,26,7,71,0,14
39552,1,1,165,147,4,8,63,0,19
86358,1,1,957,494,82,8,59,0,18
46931,2,1,41,17,3,3,48,0,7
16581,0,0,1,4,2,4,40,0,4
63998,0,0,176,556,0,4,73,0,25
67381,0,1,815,53,11,7,74,1,17
25930,1,1,6,2,2,7,58,0,4
42693,1,0,8,20,6,5,47,0,5
85606,0,1,717,556,120,3,49,1,24
72903,0,0,1067,556,0,4,40,3,21
49669,1,0,166,107,11,6,51,0,14
36778,1,1,29,34,2,9,57,0,9
85696,0,0,714,395,116,1,63,0,20
10979,0,0,8,10,2,5,36,0,8
49678,0,1,229,56,3,7,64,0,14
56129,0,1,320,133,39,4,72,0,22
37155,1,0,23,26,7,5,36,0,7
21282,1,0,1,8,4,6,47,0,7
33419,0,1,56,12,0,7,63,0,8
63285,0,0,508,249,50,3,80,0,25
21255,1,0,29,25,2,4,51,0,11
42162,1,0,46,59,2,6,44,1,9
54450,1,1,454,171,8,8,69,0,25
57744,0,1,350,39,0,8,71,0,16
26576,1,0,10,8,0,9,39,1,4
57513,0,0,735,183,52,6,82,0,27
68142,0,1,897,196,91,6,61,0,24
7500,0,1,5,3,3,8,46,0,4
83145,0,0,777,556,39,2,51,1,26
54197,0,1,162,37,6,1,65,0,12
23091,1,1,35,11,0,7,62,0,10
46049,1,1,342,112,19,7,49,0,22
56715,0,0,258,239,120,4,51,0,15
79410,0,0,658,483,120,1,64,0,11
57304,0,1,356,329,120,5,74,0,25
44375,0,1,213,28,7,5,60,0,12
54450,1,1,454,171,8,8,69,0,25
59594,0,1,457,29,0,7,60,1,17
80685,0,0,241,556,34,2,31,0,21
40344,0,1,210,6,0,7,51,0,12
62710,0,1,441,83,7,4,53,0,22
48985,0,1,19,18,10,3,57,0,6
35322,1,2,28,37,12,8,57,0,9
77142,0,0,476,162,29,2,77,0,17
81657,0,0,364,425,120,1,56,0,16
14421,0,0,0,2,3,5,29,1,4
20130,0,0,0,3,7,8,51,0,5
74214,0,0,863,547,86,5,35,0,16
66726,1,1,349,35,0,7,68,1,17
23724,1,0,5,15,0,8,46,0,7
47353,0,1,184,19,8,5,65,0,13
33444,1,1,8,8,0,8,73,0,4
54386,0,1,277,64,62,3,44,0,17
28510,1,1,44,19,0,5,44,0,9
90638,0,0,1156,556,94,1,34,1,18
48070,0,1,373,83,6,7,75,0,19
43140,0,1,134,76,6,6,68,0,11
54959,0,1,1148,60,0,7,64,1,21
15056,1,1,6,3,21,5,67,0,12
26954,1,0,4,11,0,7,54,0,4
22327,1,0,5,8,2,5,40,0,5
44393,1,1,24,20,2,4,60,0,7
62000,0,1,899,101,0,4,73,1,26
31497,0,1,108,28,13,8,63,0,10
45894,0,2,27,7,0,5,51,0,5
78579,0,0,816,549,120,3,55,0,16
67369,0,1,1225,70,37,4,56,2,25
58401,0,1,10,11,17,4,65,0,6
62307,0,1,87,34,10,5,73,0,9
43641,1,1,57,51,4,6,56,0,10
63841,0,1,635,100,20,6,57,0,22
46891,0,1,43,23,29,4,60,0,8
70091,1,0,964,137,15,8,56,1,19
78075,0,0,572,259,34,1,53,0,14
59184,0,1,341,113,120,5,64,0,27
54809,1,1,63,57,13,4,48,0,12
58113,0,1,221,169,102,7,66,0,22
51412,0,1,140,29,4,4,67,0,11
15287,1,0,1,8,4,7,46,1,6
66636,0,0,291,556,84,1,68,0,17
50965,0,1,544,85,8,8,69,1,22
84618,0,0,684,556,21,2,60,1,26
18351,0,0,1,9,0,7,35,0,6
40451,0,2,35,4,0,5,68,1,5
36317,0,1,87,25,3,7,60,0,9
42213,0,1,309,24,4,7,68,1,15
65748,0,1,172,93,95,1,70,0,18
77044,0,1,625,242,50,4,53,1,30
74918,0,0,972,556,25,3,56,1,21
56721,1,1,157,39,6,6,53,0,15
42160,1,1,48,45,3,6,50,0,11
61559,0,1,279,88,32,3,60,0,17
33629,1,1,132,16,0,9,62,0,13
68682,0,0,919,505,99,2,34,0,24
34377,0,1,62,22,3,7,62,0,8
8940,1,0,1,3,4,8,39,0,10
26228,1,0,2,4,3,8,52,0,4
77297,0,0,408,109,48,4,68,1,22
40211,1,1,51,7,2,8,44,1,7
33438,1,1,62,16,3,5,67,0,11
75032,0,1,952,180,47,3,66,0,20
61284,0,0,618,106,20,6,70,1,22
22518,1,0,11,12,2,5,39,1,7
54730,0,1,318,17,4,4,50,0,18
38452,1,1,56,14,0,7,70,0,9
44421,1,1,110,59,7,8,54,0,14
38197,1,0,23,11,2,5,39,0,5
41986,0,1,27,8,8,4,47,0,10
28427,1,0,18,19,3,8,42,0,7
37395,1,0,18,9,0,6,49,0,5
64722,1,0,303,280,60,6,54,0,25
55249,0,1,97,19,2,3,69,0,8
84906,0,0,997,414,99,2,53,3,24
28691,1,0,5,13,8,8,36,0,5
44213,1,1,95,35,0,6,73,0,12
25707,1,0,1,2,3,7,41,0,5
59062,2,1,46,12,3,4,58,0,7
76624,0,1,411,147,54,1,63,1,23
66000,0,0,244,270,101,1,78,0,10
27683,1,0,152,121,12,8,47,0,16
1730,0,0,1,3,1,13,54,0,6
7500,1,0,10,18,8,9,33,0,11
40521,1,1,12,5,0,5,57,0,4
20427,1,0,5,4,0,8,52,0,4
65106,0,1,790,133,12,6,50,1,27
69969,0,0,882,514,38,3,60,2,13
67433,0,2,615,259,12,4,73,1,28
77766,0,1,1004,265,115,6,58,1,34
74716,0,1,133,421,13,4,53,0,17
68118,0,1,595,123,10,6,62,0,23
55158,1,1,293,87,4,7,55,0,18
62972,0,1,313,47,20,6,70,0,16
74190,0,1,151,86,120,2,50,0,19
39356,1,1,15,2,0,6,49,1,4
76653,0,0,736,556,120,2,56,2,23
35860,1,1,15,8,4,5,52,1,6
90687,0,0,982,556,23,2,42,1,17
73450,0,0,1142,415,90,3,43,2,27
31454,1,1,28,11,0,8,65,0,8
47139,1,1,46,12,0,7,73,0,7
83829,0,0,897,430,120,1,50,3,17
53378,1,1,489,152,8,8,62,0,25
19656,1,0,25,9,6,7,55,0,9
45579,0,1,145,33,2,6,77,0,10
85485,0,0,630,556,44,2,67,0,19
55956,0,0,760,104,50,4,81,1,16
64191,0,1,420,186,120,3,62,0,24
38808,1,0,125,52,3,8,53,1,14
57183,1,1,464,64,7,8,59,0,23
23748,1,0,6,29,12,8,57,0,9
66303,0,1,1090,96,16,8,54,1,22
37368,1,0,3,11,2,6,50,1,4
40800,1,2,24,27,8,7,61,0,8
71847,0,0,737,106,55,3,47,1,22
46149,0,1,254,71,4,5,50,0,18
78687,0,0,817,556,120,2,42,1,19
49118,0,0,620,239,99,7,54,2,28
37633,1,1,13,20,0,9,68,0,6
39767,0,0,113,204,34,8,74,0,17
26997,0,0,7,78,120,7,74,0,13
33986,1,0,16,18,2,7,55,0,5
57091,0,1,462,24,6,7,53,1,18
46831,1,1,22,10,6,4,56,0,7
83151,0,0,968,556,120,2,53,3,23
52531,0,0,283,151,51,6,54,0,21
15759,0,0,1,5,6,7,69,0,4
22804,1,0,14,7,2,9,54,0,5
43050,1,0,30,24,6,5,52,0,8
42997,1,1,4,5,0,7,48,0,4
48918,1,1,52,9,0,4,62,0,7
60033,0,1,62,57,19,2,71,0,10
34043,1,0,20,14,3,9,47,0,5
57811,0,1,545,114,37,5,59,1,25
78569,0,0,558,556,120,1,79,1,15
7500,1,1,6,4,13,6,47,0,10
117416,1,0,39,9,2,1,54,0,2
94384,0,0,1111,556,120,2,72,3,18
23148,0,0,4,8,6,7,40,0,6
44267,1,1,183,65,3,9,55,0,16
71626,0,0,546,376,94,3,46,1,19
60894,0,1,606,155,10,7,59,0,26
50200,1,1,266,51,8,8,49,0,19
81051,0,0,1142,249,38,2,60,2,23
65169,0,0,1074,69,0,6,43,4,28
59868,0,1,771,154,54,6,53,0,31
65695,0,1,371,189,0,4,65,0,21
64857,0,0,556,556,120,4,69,0,23
45143,0,1,202,74,11,7,60,0,15
74805,0,1,209,209,41,2,70,0,26
59060,1,0,35,111,36,4,36,0,14
27238,1,1,37,17,0,9,63,0,9
47009,0,1,171,73,59,4,60,0,17
46094,1,1,12,20,3,7,52,0,5
40321,1,1,44,21,6,7,53,0,8
37235,1,0,20,9,4,4,41,0,5
81843,0,0,779,537,34,3,65,0,27
46692,0,1,170,97,24,6,67,0,15
77382,0,1,491,231,112,1,57,1,26
37774,2,0,173,107,7,9,48,1,16
18393,1,0,7,13,16,8,51,0,8
72828,0,1,1205,235,19,7,63,0,28
24711,0,0,10,25,6,7,43,0,7
45503,1,0,97,44,6,5,50,0,9
6560,0,0,67,26,4,13,43,0,2
71604,0,0,345,528,98,4,80,1,17
27244,1,0,6,17,3,7,46,0,8
48752,1,1,73,100,71,9,56,0,17
71434,0,1,711,217,120,4,63,2,21
90842,0,0,774,118,120,1,77,0,27
88097,1,0,163,480,0,9,47,3,20
51948,0,1,82,54,71,5,50,0,13
71853,0,0,358,413,120,1,43,0,17
35876,0,0,66,40,4,6,42,0,8
40049,0,1,13,7,0,6,73,0,5
39660,1,0,139,78,20,9,43,0,14
50127,0,1,274,21,4,6,63,1,13
43263,0,1,262,61,0,5,48,0,16
62845,1,1,1099,45,0,8,76,1,23
18929,0,0,32,8,23,6,35,0,6
24367,1,0,2,2,0,9,43,0,4
33249,1,0,6,21,19,6,50,0,8
26887,0,1,6,4,3,6,66,0,5
50150,0,0,135,92,65,5,42,0,16
62061,0,1,641,84,0,6,49,1,24
85696,0,0,714,395,116,1,63,0,20
76542,0,0,794,556,0,2,69,0,23
70515,0,0,420,452,120,2,32,0,17
18227,1,0,1,7,4,8,38,0,4
69139,0,1,86,75,33,4,60,0,11
69109,0,0,823,459,120,4,43,1,20
69627,0,1,231,215,120,5,63,0,23
38136,1,0,8,27,0,8,47,1,8
62159,0,0,182,259,77,4,79,0,19
80695,0,0,557,556,120,2,62,0,19
33316,1,1,79,31,4,6,54,0,10
58554,1,1,368,68,38,7,57,0,22
17256,1,0,6,14,8,8,33,1,7
53034,1,1,160,196,15,8,51,0,20
52203,0,0,488,238,56,6,75,0,27
59601,0,1,691,69,0,8,48,1,15
75154,0,1,543,205,120,3,67,0,16
47025,0,1,254,108,20,6,49,0,17
37971,1,0,5,10,2,8,52,0,5
41335,1,0,112,21,16,7,57,0,12
67267,0,1,134,59,15,2,67,0,11
57338,0,1,143,52,11,5,50,0,12
50523,1,1,51,24,4,6,65,0,8
35791,2,1,27,5,0,8,60,0,6
50611,0,1,459,24,6,6,65,1,22
56242,0,1,689,167,11,6,56,0,28
48904,0,1,283,38,0,8,65,0,17
56243,1,2,347,35,4,5,50,0,20
21355,1,0,5,14,0,6,40,1,7
57420,0,1,280,18,0,7,54,1,15
51381,0,1,187,65,26,5,55,0,14
46390,0,1,95,64,2,7,70,0,10
54342,1,1,84,34,11,6,69,0,12
51381,1,1,19,12,2,5,67,0,5
51381,1,1,5,9,2,7,61,0,4
20895,1,0,18,17,3,9,52,0,6
92344,0,0,992,556,51,1,77,2,20
51381,1,0,25,13,0,7,53,0,5
26907,1,1,9,7,0,7,49,0,6
44964,1,1,19,17,2,8,45,0,5
75507,0,0,709,374,104,3,46,0,21
53761,1,1,158,76,13,5,53,0,17
22682,1,0,10,29,4,4,52,0,10
38887,1,0,25,13,0,7,53,0,5
41658,1,1,8,12,15,4,50,0,6
29791,1,0,14,6,0,5,53,0,7
63915,0,2,622,115,30,5,69,0,23
39996,1,1,11,3,0,6,51,0,4
26759,1,0,25,16,8,6,53,0,8
63841,0,1,635,100,20,6,57,0,22
51039,1,1,100,79,65,7,56,0,14
60544,1,1,201,43,3,6,64,0,15
65685,0,1,642,49,0,5,53,0,21
37716,0,1,97,41,6,7,72,0,10
36864,0,1,204,39,17,8,68,0,14
44511,1,0,513,133,46,8,55,0,26
36947,1,1,88,21,4,9,58,0,11
47352,0,1,172,112,8,7,74,0,16
67087,0,1,329,222,120,4,72,0,22
57045,0,1,296,104,11,3,75,0,18
36957,1,1,100,16,2,9,72,0,11
69389,0,1,422,238,69,4,48,0,22
80134,1,0,1218,272,104,6,53,3,16
43142,1,1,5,7,2,7,56,0,4
80589,0,0,507,520,120,1,81,1,21
34412,1,0,52,50,4,9,35,0,11
57537,1,0,191,139,51,4,46,0,19
22634,0,0,2,11,8,8,59,0,6
51315,0,0,68,39,16,2,77,0,10
36026,2,1,20,10,6,6,53,0,7
24639,1,1,20,16,0,6,52,0,9
34578,2,1,7,1,0,6,53,0,4
65704,0,0,279,74,38,1,53,0,23
63810,0,1,977,253,16,8,59,1,23
54132,0,1,30,8,0,7,56,0,5
18690,0,0,6,7,23,8,66,0,5
28164,1,0,3,26,11,7,55,0,9
34596,1,0,14,2,0,8,51,0,4
43269,1,0,10,7,0,8,53,0,4
38741,1,1,7,17,8,7,67,0,7
31907,0,0,33,64,120,7,53,0,14
27100,1,0,12,13,2,7,42,0,5
31163,1,0,2,10,11,6,52,0,5
92533,0,0,693,118,110,2,40,2,23
34853,1,1,9,15,2,6,52,0,7
70844,1,1,129,67,3,7,58,0,17
31086,1,1,16,11,3,8,46,1,6
60544,1,1,201,43,3,6,64,0,15
20491,0,0,5,5,4,7,39,0,4
42523,0,0,14,11,3,2,61,0,7
39922,1,0,29,59,19,8,42,0,9
33402,1,1,26,19,10,8,73,0,9
36408,1,1,9,4,3,6,76,0,4
21645,1,0,14,23,4,9,46,0,9
78427,0,0,972,556,120,3,77,1,23
82657,0,0,966,556,120,4,79,2,23
51876,0,0,99,102,28,1,67,0,13
78041,0,0,482,553,72,2,54,0,18
52852,0,1,714,99,11,8,68,1,26
70038,0,0,587,348,71,2,43,0,17
69401,0,1,399,159,58,2,52,0,17
46053,1,0,56,92,19,5,53,0,12
77343,0,0,227,556,98,1,60,0,17
73892,0,0,703,556,0,1,72,0,22
40304,1,0,37,17,0,7,58,0,6
32727,0,0,167,180,86,8,60,0,17
68695,0,0,458,356,106,2,56,0,16
43300,0,1,91,52,2,8,54,0,11
26290,1,1,15,16,11,6,53,0,10
93790,0,0,1225,556,89,2,55,3,25
38410,0,0,153,123,116,6,51,0,18
64866,0,1,508,21,7,5,75,1,21
57957,0,1,290,177,77,3,66,0,24
46015,1,1,38,2,0,7,70,2,5
16531,1,0,2,6,7,7,47,0,9
28072,1,0,30,10,2,7,39,0,5
49476,0,1,386,95,54,2,62,0,21
50725,0,1,443,75,0,8,72,0,21
83844,0,0,901,345,75,1,73,1,20
41145,1,1,9,3,0,3,75,0,4
67419,0,1,846,352,91,5,55,0,25
23162,1,1,8,9,19,6,55,0,8
34380,1,0,72,58,13,8,48,0,12
34704,0,1,29,5,0,5,59,0,5
94871,0,2,169,553,120,7,56,2,18
65148,0,1,460,422,33,4,67,0,21
39898,0,1,69,26,12,7,71,0,9
64857,0,0,556,556,120,4,69,0,23
59892,0,1,73,13,0,3,55,0,7
41020,0,0,112,54,7,3,38,0,10
57072,0,1,944,60,0,5,64,1,27
60474,0,1,265,303,120,7,46,0,30
62807,0,1,526,135,10,5,65,0,23
19414,1,0,2,12,3,8,44,0,5
19107,1,0,2,9,10,7,45,0,6
75484,0,1,378,259,120,4,49,0,18
70379,0,1,553,142,65,4,49,0,25
79419,0,0,751,556,20,2,55,0,15
64014,2,1,406,30,0,7,79,1,21
76998,0,1,1225,161,69,6,70,1,29
49854,1,0,123,171,39,6,53,0,18
60585,1,1,267,309,55,5,54,0,26
42873,1,1,209,40,3,8,75,0,15
87679,0,0,1225,556,97,4,37,3,28
57867,1,0,344,178,15,6,47,0,24
35765,1,0,22,30,0,6,35,0,8
65492,0,0,247,295,120,2,66,0,26
32952,1,0,38,12,3,7,48,0,6
53374,0,1,896,101,13,9,56,1,21
71706,0,1,931,253,91,5,66,0,25
68487,0,0,758,385,33,4,37,0,30
53253,1,1,216,57,20,5,50,0,18
31163,1,0,2,10,11,6,52,0,5
42014,1,0,244,108,4,8,48,0,20
54108,1,1,539,91,8,8,52,0,25
49667,0,0,1181,120,17,8,70,1,22
63206,0,0,750,125,11,2,51,1,14
57136,1,1,306,109,21,6,53,0,23
46772,0,1,350,189,120,8,50,1,30
78931,0,0,331,170,58,1,54,0,24
53977,0,1,620,165,0,5,67,0,27
84219,0,0,434,400,45,1,37,0,18
46098,1,1,57,27,0,8,50,0,11
73538,0,1,811,428,99,7,60,0,26
79529,0,0,423,556,73,2,39,0,22
20981,0,0,2,10,6,8,48,0,7
51766,1,0,60,87,6,5,45,0,12
55759,0,1,675,85,10,8,63,0,26
33039,1,0,30,12,8,5,47,0,7
37787,1,0,40,40,4,8,53,0,7
27242,1,0,3,26,20,9,55,0,7
87188,0,0,910,556,49,3,42,0,19
69930,0,0,252,556,120,3,54,0,22
37697,1,0,34,21,11,6,49,0,7
37401,1,0,19,19,3,7,52,0,7
3502,1,0,2,1,0,13,52,0,0
58597,1,1,490,184,10,7,49,0,26
82032,0,0,332,377,120,1,77,0,17
28087,1,1,53,17,13,7,67,0,9
74004,0,0,784,556,42,3,38,2,15
19740,0,1,7,3,10,5,65,0,7
57036,0,1,1171,219,19,9,50,1,26
53083,1,1,215,33,3,7,67,1,17
69283,0,1,674,134,0,5,50,0,27
46098,1,1,57,27,0,8,50,0,11
23331,1,0,5,7,0,8,37,0,8
23331,1,0,104,101,24,9,37,0,17
9255,1,0,9,7,2,8,36,0,5
67786,0,0,431,441,80,1,66,0,16
71969,0,1,1000,76,0,8,54,1,19
59235,1,0,448,469,80,7,58,0,28
31928,1,0,33,24,4,7,36,0,9
74881,1,1,505,270,36,5,64,0,27
65819,0,0,267,556,120,3,47,0,20
51411,1,2,14,3,0,5,72,0,4
51983,0,1,631,115,10,7,61,0,24
42386,1,0,65,16,0,8,39,0,7
30390,0,0,10,12,25,6,38,0,6
30983,0,0,51,50,12,8,62,0,8
66033,0,1,293,179,46,7,68,0,20
37284,1,1,11,2,2,6,50,0,4
57530,0,1,50,27,6,1,74,0,7
76800,0,0,173,255,35,1,60,0,16
63943,0,1,423,368,13,5,69,0,17
76081,0,0,292,415,63,2,63,1,14
67445,0,1,757,217,29,6,51,0,32
37054,1,1,12,6,0,7,58,0,6
47175,1,1,167,44,6,8,63,1,16
31859,1,0,3,3,8,7,49,0,4
27215,2,1,30,22,8,6,64,0,11
70179,0,1,532,168,69,5,49,0,26
39922,1,0,29,59,19,8,42,0,9
49681,0,2,411,26,0,7,49,0,21
24645,1,0,5,4,4,8,37,0,4
79865,0,1,71,278,120,1,71,0,21
44322,1,0,46,40,3,8,40,0,8
47958,0,1,268,88,15,5,73,0,16
63972,0,1,928,254,0,4,61,1,23
75315,0,1,459,171,120,2,71,0,23
55517,1,1,483,108,0,9,75,0,23
75283,1,2,733,180,12,4,68,0,20
82800,0,0,1006,115,59,3,79,2,26
38998,1,1,34,14,0,8,71,0,8
90638,0,0,1156,556,94,1,34,1,18
27161,1,0,7,23,7,7,39,0,5
42014,1,0,244,108,4,8,48,0,20
38201,0,1,233,23,0,8,65,0,15
45203,2,0,35,67,10,6,43,0,8
81574,0,0,1225,465,46,1,78,2,18
34935,0,0,34,66,3,7,33,0,8
60482,0,1,255,134,37,7,49,0,17
34633,2,1,8,5,0,6,69,0,4
78093,0,0,368,556,13,1,78,0,17
82460,0,0,255,556,52,1,75,0,15
45903,0,1,33,10,2,4,59,0,8
81361,0,0,163,424,27,1,38,0,27
35860,1,1,15,8,4,5,52,1,6
40442,1,1,45,52,25,7,73,0,12
61482,0,0,48,68,16,2,60,0,12
34968,1,0,158,45,8,7,45,0,16
75794,0,0,754,556,63,3,38,1,25
31497,0,1,108,28,13,8,63,0,10
74268,0,0,199,315,97,2,70,0,13
13724,1,0,2,5,2,9,37,1,5
45143,0,1,202,74,11,7,60,0,15
52569,0,1,85,3,0,3,58,0,7
48432,0,1,322,50,4,8,52,0,19
17144,1,1,18,19,0,7,65,0,12
36108,1,0,141,129,3,9,41,1,15
76445,1,0,739,309,120,6,54,0,21
36663,1,0,18,6,3,2,50,0,6
53843,0,1,378,88,19,7,60,0,20
90226,0,0,1083,556,120,2,69,1,24
70638,0,0,1016,215,16,3,70,1,20
44512,1,1,23,6,0,4,65,0,6
27116,1,1,12,21,2,7,64,0,7
54072,1,1,35,4,0,8,62,0,5
71855,0,1,548,422,0,3,48,0,25
51250,1,0,342,230,34,9,35,1,24
60432,0,1,365,15,4,6,52,0,19
65526,0,1,397,69,12,2,61,0,17
68655,0,0,456,556,75,3,37,0,21
12393,0,0,5,15,11,9,47,0,6
64509,0,0,836,556,24,4,35,1,19
33955,1,0,100,128,23,8,50,0,15
31353,1,1,10,10,3,8,48,0,6
55434,1,0,238,215,120,4,41,0,24
28359,1,0,6,5,2,7,42,0,4
57100,1,0,158,99,15,3,38,0,14
69139,0,1,86,75,33,4,60,0,11
52973,0,1,856,76,12,8,69,0,30
51717,0,1,98,17,0,7,60,1,8
18793,1,0,4,20,0,8,54,0,9
66664,0,0,398,447,120,3,43,0,19
50664,1,1,313,104,6,9,66,0,21
54414,1,1,109,16,24,4,62,0,13
54549,0,1,216,6,0,7,73,0,12
47111,0,1,595,153,120,9,54,0,21
41003,0,0,123,142,71,6,62,0,17
19444,1,0,16,23,3,7,43,0,10
36301,1,0,11,35,3,7,49,0,7
73059,0,1,410,420,0,4,78,0,26
42731,1,0,159,51,6,5,56,0,13
52854,1,1,105,10,0,5,66,0,9
22775,1,0,5,8,0,8,47,0,4
46681,0,2,269,69,15,5,77,0,16
59821,0,1,629,70,0,8,70,0,26
50002,0,1,443,71,21,7,71,0,19
69755,0,0,217,373,111,1,80,0,22
44078,1,1,24,10,2,5,56,0,7
30560,1,0,9,5,4,7,49,0,5
35924,1,1,8,14,2,5,56,0,5
64140,0,2,1225,61,0,5,61,3,18
56386,1,1,230,214,13,9,44,0,23
24594,1,0,1,6,10,5,46,0,5
75774,1,0,340,134,120,4,44,0,21
39228,0,0,7,6,0,4,65,0,4
58494,0,1,298,68,4,6,51,0,16
58684,0,0,479,179,28,2,44,1,21
57136,0,0,267,556,34,6,58,0,20
56551,1,1,67,32,17,4,75,0,10
22448,1,0,3,8,23,3,43,0,9
82014,0,0,980,265,35,6,64,0,22
34213,1,1,50,28,6,9,62,0,9
117416,0,0,1,556,2,1,48,0,10
25358,0,1,19,5,0,6,78,0,6
35544,1,0,30,23,4,7,47,0,6
36634,0,1,213,76,4,7,71,0,15
62670,0,1,539,92,80,3,71,0,22
50334,0,1,284,160,84,6,53,0,23
72066,0,0,1003,536,120,2,44,2,17
50729,1,1,239,143,45,6,67,0,21
34916,2,0,51,82,33,9,57,0,13
64892,0,1,527,230,32,4,49,0,24
43602,1,1,19,12,10,6,59,0,9
33996,0,0,40,15,8,4,36,0,6
41473,1,0,21,20,15,7,40,0,6
63246,0,2,593,91,29,4,58,0,22
36732,1,1,21,3,10,2,66,0,9
69084,1,0,1181,199,39,8,55,0,25
77766,0,1,1004,265,115,6,58,1,34
37929,0,0,202,46,3,7,40,2,13
86610,0,0,446,556,33,2,74,0,18
80141,0,0,1184,556,52,6,39,1,22
72635,0,0,390,323,104,3,70,1,21
69016,0,1,726,363,120,5,55,0,34
20193,0,0,8,22,24,4,34,0,7
27573,1,0,50,110,39,8,50,0,14
15862,1,0,1,4,11,8,46,0,5
49544,1,0,308,73,0,7,49,0,16
33228,1,0,22,31,7,7,45,0,6
70440,0,0,690,499,76,3,47,1,23
38232,1,1,43,28,7,5,54,0,11
22554,1,1,27,10,0,5,70,0,10
23536,1,0,6,3,0,3,42,0,4
49413,0,1,205,41,3,5,73,0,13
42231,1,1,24,8,0,5,56,0,5
78789,0,0,667,556,21,2,45,0,16
56534,0,1,691,61,10,8,57,2,25
58350,0,1,493,206,116,6,54,0,27
81217,0,0,493,324,120,1,36,0,22
49090,0,1,494,82,7,7,74,0,21
61787,0,0,621,414,78,5,38,0,19
18169,1,0,9,5,0,8,40,0,4
24336,1,0,1,2,8,7,44,0,4
18222,0,0,12,19,12,8,35,0,6
62335,0,1,243,217,85,2,73,0,21
42033,1,1,11,4,2,7,54,0,4
86580,0,0,532,127,26,1,42,1,11
41437,1,1,29,2,0,7,68,0,5
73705,0,2,612,520,120,5,74,0,25
61064,0,1,387,342,0,6,49,0,28
38452,1,1,56,14,0,7,70,0,9
18358,1,0,6,19,16,7,36,0,10
55012,0,1,582,65,0,5,52,0,25
9722,1,0,6,16,6,8,52,0,11
38175,1,0,70,69,2,7,41,0,11
58656,0,1,962,194,16,6,69,1,32
52117,0,1,112,107,30,7,60,0,13
64813,1,0,293,124,120,5,47,0,20
54222,0,1,199,31,3,3,52,0,12
83512,0,0,1060,556,80,1,39,4,22
77520,0,1,940,396,0,4,66,3,23
41154,0,1,44,11,2,5,47,0,6
80398,0,0,342,556,120,3,59,1,26
18746,1,0,2,11,12,6,33,0,8
35196,1,0,75,141,43,8,41,0,18
60230,0,1,520,367,39,5,69,0,17
22108,1,1,5,9,6,7,48,0,7
44392,1,1,87,71,7,7,51,0,14
55424,0,1,462,184,10,6,49,1,25
17688,1,0,2,1,3,8,46,0,4
92491,0,0,979,556,29,3,42,3,25
90273,0,0,704,556,120,2,34,3,19
82571,0,0,861,556,62,2,63,1,24
38513,1,0,172,115,16,8,43,0,17
16653,1,0,5,31,15,6,46,0,9
42586,1,1,194,56,0,8,70,0,16
23529,0,1,9,13,3,6,60,0,5
74881,1,1,505,270,36,5,64,0,27
71107,0,1,533,217,120,4,74,0,28
46910,1,1,48,14,0,6,61,0,7
18690,0,0,6,7,23,8,66,0,5
37244,1,1,18,10,0,7,70,1,5
82427,0,0,482,509,104,1,59,1,21
75342,0,1,204,97,21,4,67,0,18
70044,0,1,1073,250,120,5,71,0,26
79146,1,1,245,223,21,6,58,0,19
77437,0,0,560,442,29,1,62,1,23
54984,0,1,173,131,32,7,66,1,17
42403,1,0,22,11,0,8,54,0,5
55761,0,1,136,12,0,6,61,1,10
37292,1,0,275,86,10,8,42,0,19
45576,0,0,56,29,2,8,80,0,8
70321,0,0,303,556,82,4,78,0,25
58086,0,1,708,62,0,8,56,0,23
81795,0,0,324,556,27,2,73,0,22
28389,0,0,1,3,7,7,78,0,4
66835,0,0,620,195,34,2,79,0,24
69901,0,1,312,206,102,5,56,0,23
80360,0,0,1225,454,112,2,76,3,15
63342,0,1,918,118,13,6,64,1,19
44989,0,1,98,106,49,6,51,0,16
31859,1,0,3,7,15,7,45,0,5
51569,0,1,380,47,6,8,76,1,19
30372,1,1,15,12,7,7,54,0,8
16014,1,1,3,4,7,3,46,0,10
41120,1,1,24,23,0,6,57,0,9
39763,1,0,80,60,4,9,54,0,10
38725,1,1,31,6,2,4,70,0,7
77981,1,0,138,204,16,5,53,0,21
62905,0,1,166,96,119,4,61,0,20
13533,1,0,12,8,8,7,46,0,7
59481,0,1,178,85,71,2,50,0,16
72117,0,1,707,171,65,5,48,0,26
21955,1,0,5,7,17,6,39,0,8
67131,0,1,465,250,93,6,69,0,26
36802,1,0,16,2,0,5,45,0,5
71853,0,0,358,413,120,1,43,0,17
28249,0,0,1,7,2,6,64,0,6
47808,0,1,123,26,2,7,50,1,10
25509,1,0,40,30,10,9,51,0,9
51012,0,0,102,63,2,6,79,0,10
70596,0,0,347,534,17,2,40,0,21
85431,0,0,376,462,120,0,73,0,17
42664,0,1,21,3,0,6,58,0,5
42586,1,1,194,56,0,8,70,0,16
29760,1,0,64,68,7,8,40,0,12
28973,0,0,206,46,3,8,48,0,13
39435,1,0,71,18,0,7,52,0,7
65370,0,0,71,112,120,1,41,0,19
20194,1,0,0,7,11,6,46,0,7
42473,1,1,93,21,0,5,49,0,10
64590,0,0,920,168,36,6,57,0,24
71232,0,1,653,170,34,7,66,0,25
34600,1,1,199,60,8,8,54,0,17
46904,1,1,153,56,0,8,58,0,14
49094,0,1,376,38,11,6,52,0,20
36075,1,0,46,30,12,6,42,0,7
60839,1,1,600,128,120,8,46,0,22
77298,0,1,425,292,23,3,46,0,24
34026,1,1,18,15,12,5,75,0,9
48918,1,1,52,9,0,4,62,0,7
82122,0,0,734,350,120,1,63,1,26
37697,1,0,34,21,11,6,49,0,7
34074,1,1,135,41,10,6,73,1,14
28520,1,1,11,10,0,6,65,0,5
62535,0,1,163,90,0,3,70,0,14
36273,1,0,29,30,3,6,48,0,8
63404,0,2,734,70,11,4,61,1,15
75774,1,0,340,134,120,4,44,0,21
78416,0,1,453,279,120,3,49,0,26
75702,0,1,1073,556,120,6,51,1,29
59385,1,1,135,10,0,5,74,0,10
37070,1,1,231,137,4,7,59,0,20
44689,1,1,18,5,0,7,74,1,6
53977,0,1,620,165,0,5,67,0,27
7144,0,2,81,33,5,0,59,0,14
18701,1,1,12,2,10,5,61,0,10
90369,0,0,292,556,120,1,69,0,17
63159,0,0,965,556,89,3,51,1,17
37758,1,1,27,10,0,8,59,0,6
46757,0,1,777,163,0,9,62,0,21
79734,0,0,572,232,23,1,56,1,14
63207,0,0,438,556,91,7,33,1,12
72071,0,1,531,300,120,2,71,0,20
21840,1,0,17,9,0,9,42,0,5
58582,0,1,402,106,101,5,43,1,22
72282,0,0,503,419,90,7,74,0,22
50387,0,2,369,87,12,5,69,0,19
32583,1,1,5,3,0,7,64,0,4
62568,0,1,362,398,80,4,63,1,16
44635,1,1,56,9,0,7,54,0,7
33316,1,1,79,31,4,6,54,0,10
63967,0,1,387,141,73,2,57,0,23
52513,0,0,367,241,104,7,47,0,25
25293,1,0,15,11,0,8,56,0,5
54111,0,1,267,54,8,5,60,0,15
78394,0,0,298,556,120,2,39,0,16
80739,0,0,674,556,39,1,67,0,23
22669,1,0,16,36,37,9,50,0,10
29236,1,0,37,24,16,9,38,0,9
44911,0,1,159,22,2,7,66,0,12
54693,0,1,686,142,23,6,63,0,29
48186,1,0,97,66,12,7,51,0,12
54809,1,1,63,57,13,4,48,0,12
41580,1,1,56,24,4,5,47,0,9
80336,0,0,209,456,120,1,55,0,25
47743,0,1,198,43,0,6,68,1,14
62972,0,1,313,47,20,6,70,0,16
57333,0,1,941,397,76,6,71,0,28
32313,1,0,86,56,2,9,43,0,11
84953,0,0,167,556,63,2,72,3,18
27071,1,0,8,19,0,6,57,0,7
68148,0,0,389,408,37,2,68,0,15
65735,1,1,239,119,4,7,60,0,19
86836,0,0,179,273,0,5,50,3,23
4023,1,1,5,1,1,13,62,0,6
30093,0,0,2,28,13,7,35,0,6
57705,0,1,383,53,6,6,59,0,18
25008,1,0,2,8,6,8,37,0,6
83257,0,0,536,556,38,6,30,2,28
22280,1,0,2,4,3,8,50,0,4
72159,0,0,322,556,34,2,47,0,21
64260,0,0,539,556,20,3,64,0,14
82733,0,0,712,420,65,4,41,0,20
74290,0,1,1121,72,0,6,54,2,32
58217,2,1,68,13,3,6,74,0,7
21024,0,0,36,18,6,7,49,0,7
70116,0,0,707,556,95,1,53,0,23
54006,1,0,174,203,6,7,40,0,18
69063,0,1,666,124,69,3,59,0,14
11448,0,0,0,0,6,6,50,0,4
61825,0,1,162,100,55,4,46,0,15
70886,1,0,407,239,103,2,54,0,14
69109,0,0,823,459,120,4,43,1,20
60208,1,1,488,71,15,7,52,1,24
32889,1,1,28,13,4,5,57,0,9
34738,1,0,3,10,3,6,41,0,5
30538,1,0,284,52,8,10,54,0,17
82326,0,0,938,556,120,2,48,3,22
26642,1,0,13,15,2,6,58,0,7
69932,0,1,412,153,120,4,61,0,26
44503,1,1,31,8,0,6,53,0,7
60200,0,1,502,132,0,6,77,0,25
49638,0,1,18,3,3,2,73,0,5
23830,0,0,1,6,4,7,38,0,5
33051,0,0,100,243,108,9,66,0,21
72905,0,0,407,445,120,1,67,1,20
69702,0,1,664,240,50,4,74,0,26
70300,1,0,1045,338,60,8,50,0,26
70643,0,0,1218,304,23,6,41,0,18
30396,1,0,15,6,0,7,56,1,6
50616,0,1,128,16,0,7,57,0,10
62772,0,1,581,157,43,2,56,1,23
30298,0,0,6,12,6,3,40,0,6
52413,1,0,185,133,56,7,41,0,17
44155,1,1,22,9,0,4,68,0,5
86979,0,0,584,556,65,2,54,1,16
76532,1,1,355,177,90,5,50,0,25
42081,1,0,175,110,54,6,43,1,15
67546,0,0,864,556,120,3,37,0,20
88420,0,0,957,556,99,1,36,3,20
31158,1,0,25,16,20,8,40,0,7
61671,0,1,641,56,0,8,57,2,26
69719,0,0,273,208,120,1,51,0,11
49160,0,1,122,43,25,6,76,0,12
24882,1,0,1,10,29,6,47,1,5
90933,0,0,1020,430,62,1,71,1,15
113734,0,0,6,3,1,1,80,0,12
59292,0,1,378,68,19,3,75,0,18
45759,1,1,42,18,3,7,61,0,7
22148,0,0,15,14,0,7,42,0,5
73395,0,0,272,80,20,2,38,0,15
29819,1,0,9,24,2,6,54,0,9
45688,0,1,279,18,0,4,57,1,14
62820,0,0,398,265,120,1,71,0,14
60491,0,1,637,237,12,5,54,0,27
33235,1,0,45,16,2,7,39,0,7
35701,0,0,21,9,7,6,66,0,5
31535,1,0,15,13,0,7,45,1,5
92556,0,0,493,352,120,0,65,0,21
67384,0,1,957,175,120,5,55,1,22
80573,0,0,829,430,60,2,54,0,24
77870,0,1,1017,500,65,8,58,2,18
52278,0,1,953,71,0,8,62,0,31
57107,0,1,159,120,0,8,57,2,22
18929,0,0,32,8,23,6,35,0,6
36038,1,0,23,15,0,6,44,0,8
20180,0,0,18,24,15,7,49,0,8
34230,1,1,15,4,0,7,60,0,4
31878,0,1,23,5,10,3,48,0,6
70932,0,1,200,100,46,3,53,0,22
91249,0,0,1225,119,71,4,69,4,22
77598,0,0,1193,281,120,3,82,1,26
80982,1,1,505,401,104,5,66,0,30
22701,1,0,2,9,0,5,48,0,5
55212,0,1,1103,45,0,8,56,2,20
70617,0,0,353,556,40,2,55,0,14
64849,0,0,652,350,94,5,68,0,19
62694,1,1,379,157,25,7,60,0,24
61917,1,1,46,36,2,5,51,0,7
67472,0,1,162,127,8,3,78,0,15
21059,1,0,8,19,3,6,43,0,9
29543,2,0,17,18,3,7,57,0,8
75903,0,1,340,185,120,3,74,0,23
34984,1,1,8,15,3,7,50,0,6
54998,0,1,154,202,39,4,69,0,20
54356,0,1,710,30,20,8,76,0,24
34242,0,1,8,4,0,5,66,0,4
25410,1,0,2,4,13,4,52,0,6
73356,0,0,1050,322,0,2,41,3,21
28320,0,1,19,14,3,8,75,0,5
23763,1,0,22,6,6,7,48,0,5
72570,0,0,274,216,120,1,41,0,23
34529,1,0,68,38,3,7,49,0,9
70792,0,0,344,556,104,3,74,0,19
63211,0,0,145,459,120,2,43,0,20
83891,0,1,217,350,111,1,51,0,22
36065,1,1,18,34,10,8,57,0,9
39898,0,1,69,26,12,7,71,0,9
51141,0,0,144,7,0,5,85,0,9
56939,0,1,256,103,90,3,49,0,18
80872,0,0,483,556,94,1,74,0,19
72335,0,0,1225,556,28,8,49,0,23
61798,0,0,338,89,11,4,61,0,16
76842,0,0,605,345,84,0,75,0,17
29478,1,0,8,7,3,6,49,0,5
46998,0,1,172,86,45,7,69,1,18
96843,0,0,448,556,40,2,35,1,27
56551,1,1,67,32,17,4,75,0,10
70053,0,1,512,98,81,5,60,0,26
71670,0,0,1225,128,0,6,63,3,15
44359,1,1,20,14,7,3,47,0,9
40887,1,1,50,44,10,9,73,0,10
48877,0,1,102,15,2,7,59,0,8
74485,0,0,499,556,120,3,78,0,26
64474,0,1,381,172,56,5,53,0,22
77226,0,1,631,239,120,3,62,0,28
72643,0,0,526,553,120,2,76,1,21
85738,0,0,913,376,17,1,47,2,21
55686,0,1,673,199,37,4,59,1,16
39062,1,0,23,9,0,4,42,1,5
34600,1,1,199,60,8,8,54,0,17
40794,0,1,261,73,4,7,50,0,16
54690,1,1,111,37,7,3,54,0,12
4428,0,1,16,12,2,1,56,0,12
32632,0,0,63,137,120,5,62,0,18
38236,1,1,58,18,2,7,57,0,11
36781,1,0,29,17,0,8,46,0,6
31385,1,0,3,12,0,8,41,1,4
24570,1,0,28,62,11,9,41,0,11
25509,1,0,40,30,10,9,51,0,9
94642,0,0,879,556,106,1,74,2,21
58646,0,1,62,44,6,4,63,0,8
53201,1,1,280,81,20,7,50,0,20
21994,0,1,9,6,3,5,68,0,4
57113,1,1,182,33,0,7,47,0,16
51373,0,0,83,101,64,4,34,0,12
23477,1,0,38,54,3,8,39,0,10
58116,0,1,228,130,4,2,69,0,16
72968,0,0,1092,556,120,3,62,1,19
39791,0,1,85,27,13,7,54,0,10
91712,0,0,1225,556,94,3,78,1,27
94472,0,1,1017,417,108,5,67,2,16
13672,1,1,6,9,2,8,65,0,6
96547,0,0,448,125,52,2,45,3,21
79205,0,0,504,117,120,4,50,1,16
56559,0,1,226,133,41,4,50,0,18
32644,1,0,239,141,0,8,52,1,18
67506,0,1,90,67,33,3,45,0,12
24206,1,0,7,8,3,6,55,0,5
28420,1,0,4,5,2,6,58,0,4
22979,1,0,16,19,20,8,55,0,10
33279,0,0,10,3,0,3,59,0,4
46423,1,1,68,16,0,7,53,0,9
30368,0,1,35,13,2,8,48,0,7
63684,0,1,575,428,120,5,55,0,23
41638,0,1,315,31,4,8,61,1,17
68805,0,1,182,49,17,2,66,0,12
65814,0,1,561,113,10,5,59,0,23
71964,0,0,587,556,120,3,67,0,17
39146,1,0,94,33,13,8,39,0,11
96876,0,0,908,556,40,2,48,3,24
34445,0,0,228,122,120,9,44,0,27
68281,0,0,995,417,42,5,67,0,25
37284,1,1,11,2,2,6,50,0,4
36790,0,0,3,14,15,9,42,0,6
27943,1,1,12,16,4,8,58,0,8
22263,1,1,17,2,0,6,74,0,6
30261,1,2,8,5,0,8,53,0,4
28587,1,0,22,17,12,6,47,0,9
43815,1,0,14,29,4,6,43,0,6
48195,1,1,106,68,52,6,69,0,17
77027,0,1,820,242,45,4,73,0,19
71322,0,1,753,226,69,4,60,0,28
32765,1,0,13,17,7,5,46,0,8
29672,1,1,9,3,0,6,60,0,4
23272,0,0,19,6,4,4,72,0,5
49912,0,1,520,223,32,8,76,1,26
7500,1,0,5,17,13,9,40,0,10
68117,0,1,618,215,0,6,78,1,25
67225,0,1,315,322,46,5,70,0,23
17649,1,0,15,23,0,8,49,0,9
55914,0,1,384,364,119,7,50,0,29
40059,1,0,110,92,28,8,41,1,12
60905,0,1,208,76,36,2,75,0,15
75330,1,1,555,257,93,6,48,0,29
60689,0,1,240,216,63,3,74,0,22
38680,1,0,11,36,15,7,41,0,6
61416,0,0,848,323,120,6,43,1,24
49767,0,0,202,197,55,4,34,0,18
83273,1,2,433,556,16,7,55,0,25
29009,1,0,6,15,10,6,44,0,7
45057,1,0,37,7,3,5,46,0,6
37150,1,0,167,64,49,7,54,0,19
43020,1,0,45,99,4,6,55,0,12
53154,0,1,129,21,0,4,66,0,9
65308,0,0,713,264,120,4,52,2,28
76467,1,0,676,426,120,6,55,0,14
81044,0,0,450,535,73,1,78,0,22
32871,1,1,22,12,0,4,74,0,5
55801,1,1,367,51,6,7,50,1,21
76320,0,1,526,214,69,2,66,0,15
36927,1,1,51,16,0,8,70,0,8
48794,1,1,25,11,3,4,72,0,5
23478,0,0,28,27,12,8,60,0,7
71128,1,0,958,447,20,7,52,0,27
70179,0,1,532,168,69,5,49,0,26
59462,0,1,724,143,0,7,75,0,25
51381,1,1,375,48,94,3,56,0,24
38361,1,0,39,56,20,7,56,0,10
51381,1,0,23,15,0,6,44,0,8
70038,0,0,587,348,71,2,43,0,17
42554,1,1,29,11,0,4,47,0,7
67445,0,1,757,217,29,6,51,0,32
67046,0,1,544,133,23,2,74,0,15
42192,0,0,40,15,17,4,77,0,7
77610,0,1,1225,332,21,7,73,0,17
31761,1,0,19,20,16,5,41,0,9
34350,1,0,16,15,2,7,46,0,5
54591,0,1,376,94,12,5,76,0,19
71866,0,1,184,178,103,3,69,0,20
25293,1,0,15,11,0,8,56,0,5
42000,0,0,124,267,85,5,38,0,20
69520,0,0,627,414,120,5,42,0,21
64713,1,0,180,241,13,4,55,0,19
27889,1,0,14,4,0,6,48,0,5
22123,0,0,3,24,34,5,65,0,7
51381,1,1,71,16,0,8,54,0,10
51381,0,1,161,22,0,6,71,0,11
27803,1,0,8,46,38,8,52,0,9
51381,0,1,264,21,12,7,70,0,15
51651,0,1,293,23,13,8,65,0,17
68487,0,0,758,385,33,4,37,0,30
51381,0,0,532,490,120,1,82,1,22
56796,0,1,656,161,62,7,56,0,27
87000,0,0,196,556,67,2,33,0,18
79823,0,1,835,380,114,2,66,1,23
30828,1,0,16,15,2,3,45,0,8
34109,0,1,9,5,2,4,54,0,4
53367,1,1,229,140,10,7,51,0,20
22390,0,0,0,4,15,7,56,0,4
71322,0,1,121,124,24,2,49,0,13
79244,0,0,471,125,120,1,32,2,22
49912,0,1,520,223,32,8,76,1,26
48699,1,1,26,10,2,5,75,0,5
80144,0,0,240,445,120,1,50,0,19
54252,1,1,178,26,8,6,69,0,15
81929,1,0,1225,278,49,6,49,2,20
76068,0,1,1115,128,33,6,50,2,10
53204,1,1,29,8,2,4,49,0,5
67911,0,1,529,356,63,3,76,0,27
14796,1,0,13,8,7,9,41,0,6
78128,0,1,934,230,16,3,51,2,20
14188,0,0,2,11,16,6,53,0,7
20425,1,0,4,5,3,7,39,0,7
58646,0,1,62,44,6,4,63,0,8
72967,0,1,158,179,0,5,55,1,19
48150,0,1,173,39,3,7,76,0,13
82332,0,0,830,556,51,2,64,1,21
58275,1,1,189,253,56,7,70,0,23
44953,0,0,728,133,11,6,44,1,24
34587,1,1,7,9,2,4,72,0,6
43018,0,1,35,17,7,5,51,0,7
45736,0,1,188,180,20,7,71,0,19
66476,0,1,742,152,25,4,56,0,26
27733,1,0,0,5,26,7,44,0,7
69805,0,1,750,174,13,2,73,0,27
72217,0,0,816,450,55,2,63,0,22
25818,1,0,5,8,2,7,54,0,4
37509,1,0,37,56,12,7,49,0,9
25176,1,1,4,4,0,7,49,0,4
43586,0,1,99,11,4,8,45,0,10
53230,0,1,176,98,120,5,69,0,23
50116,1,1,54,10,0,5,68,1,7
84906,0,0,997,414,99,2,53,3,24
61286,0,1,356,107,19,5,59,0,18
82333,0,0,1225,359,46,2,39,1,18
65220,0,0,890,292,0,6,60,0,23
33590,2,1,4,2,0,7,51,0,4
30992,1,0,17,14,7,7,49,0,5
72309,0,0,960,556,50,3,49,1,20
117416,0,0,2,2,1,0,76,0,0
16005,1,0,1,2,20,8,45,0,8
65487,0,0,240,500,120,2,68,0,17
58692,0,1,301,61,4,7,60,0,15
40590,1,1,154,50,6,6,56,1,15
20587,1,0,2,6,4,7,55,0,5
62637,0,1,104,48,4,2,71,0,10
29435,1,1,70,37,4,9,59,0,11
19346,1,0,2,9,3,8,51,0,5
35788,1,1,23,11,3,6,54,0,7
36997,1,1,43,12,8,5,57,0,12
23539,0,0,4,11,16,6,68,0,7
65333,0,1,654,92,0,6,52,2,27
78499,0,0,912,170,47,4,68,1,19
29732,1,0,25,8,0,9,54,0,5
41275,1,2,24,22,0,5,65,0,11
63516,1,1,141,114,15,5,52,0,16
42769,0,1,71,13,3,4,63,0,8
49572,1,1,35,16,0,7,67,0,7
69209,0,0,496,556,120,4,53,1,16
17148,1,0,9,11,13,8,49,0,11
40590,1,1,154,50,6,6,56,1,15
30560,1,0,9,5,4,7,49,0,5
32146,1,0,26,23,4,6,42,0,8
41713,1,1,77,44,10,6,61,0,13
34176,0,1,11,7,4,3,50,0,5
58482,0,1,576,115,19,6,70,1,22
59686,0,1,89,89,34,4,60,0,12
60896,0,1,1013,399,60,6,61,0,26
62994,1,0,224,48,4,6,45,0,13
47320,0,1,200,111,50,6,68,0,20
74859,0,0,570,556,120,3,76,1,23
15253,1,0,1,3,8,7,33,0,6
31560,1,0,62,20,4,8,51,0,8
72071,0,1,531,300,120,2,71,0,20
91172,0,0,162,556,0,3,35,4,14
90000,0,0,675,133,94,1,41,3,18
41967,1,1,23,10,0,4,44,0,5
69263,0,1,492,32,13,6,60,1,18
65706,0,0,918,129,13,7,55,3,27
60934,0,1,224,155,120,4,50,0,23
71965,0,1,572,286,50,3,74,0,17
65210,0,1,626,70,0,6,70,2,22
79174,0,0,1074,518,120,2,50,2,19
81380,0,0,741,556,120,2,58,0,17
48432,0,1,322,50,4,8,52,0,19
52914,0,1,254,44,30,7,54,1,15
38946,0,1,116,82,6,5,70,0,12
26067,1,0,22,18,0,8,51,0,9
44325,0,1,516,21,0,8,53,1,21
42523,0,0,14,11,3,2,61,0,7
26487,1,0,2,10,12,5,47,0,9
53233,0,1,28,9,3,4,68,0,5
67716,0,1,530,217,62,5,65,1,28
76234,0,1,519,167,120,3,53,1,23
84117,0,0,611,556,59,2,69,1,24
65487,0,0,240,500,120,2,68,0,17
25224,1,0,4,12,11,3,53,0,7
89616,0,0,671,556,120,2,42,0,25
40851,1,1,23,7,0,7,54,0,5
27469,0,0,9,2,3,6,78,0,4
82347,0,0,556,556,120,3,68,2,25
73803,0,1,833,363,52,6,68,1,22
8820,1,1,12,13,4,8,73,0,10
43322,0,0,56,48,10,7,51,0,8
55593,0,1,293,124,11,6,52,1,17
50501,1,1,297,38,13,6,71,1,19
37085,1,1,39,16,2,8,50,0,10
16185,1,0,5,16,21,8,35,0,8
57731,0,1,266,300,65,6,56,0,26
48432,0,1,322,50,4,8,52,0,19
73807,0,1,366,156,71,2,47,0,23
18929,0,0,32,8,23,6,35,0,6
35893,1,1,158,23,0,8,57,0,15
61014,0,1,269,495,120,7,45,0,20
32144,1,1,41,10,0,7,71,1,10
14918,0,1,3,3,15,6,62,0,5
45146,1,1,33,5,0,4,62,0,6
41769,0,1,302,131,32,8,70,0,22
88325,0,0,519,556,93,2,44,0,18
38054,1,1,23,17,2,7,75,0,7
80617,0,0,594,556,72,2,30,0,19
5305,0,1,12,7,1,13,49,0,1
36807,1,1,4,5,0,6,71,0,4
28427,1,0,18,19,3,8,42,0,7
82032,0,0,332,377,120,1,77,0,17
22775,1,0,5,8,0,8,47,0,4
40101,1,0,171,129,26,7,40,0,17
58025,0,1,270,88,11,4,46,0,18
75777,0,0,712,538,69,1,43,2,21
7500,1,0,2,11,3,7,46,0,11
33562,1,2,21,12,0,4,62,0,9
57642,0,1,580,58,8,4,55,1,22
58554,1,1,368,68,38,7,57,0,22
63777,1,1,457,106,15,8,46,0,24
57967,0,1,229,137,4,5,63,0,19
51381,0,0,32,556,12,0,47,1,1
24434,2,0,3,8,20,7,53,0,7
11012,1,0,24,26,7,9,41,1,9
44802,0,0,853,143,13,8,55,0,27
26816,0,0,5,6,3,4,39,0,4
117416,1,0,9,18,8,6,48,0,11
34421,1,0,3,7,6,7,51,0,4
61223,0,1,709,182,42,5,58,0,18
64014,2,1,406,30,0,7,79,1,21
56981,0,0,908,217,32,6,44,1,19
69245,0,1,428,214,80,3,69,0,23
52869,1,1,84,61,2,7,71,0,11
